﻿<?xml version="1.0" encoding="utf-8"?>
<deployment>
  <id>b862cd02-8cd7-4689-b383-d357a713b5d2</id>
  <author>N/A</author>
  <deployer>OneDeploy</deployer>
  <authorEmail>N/A</authorEmail>
  <message>OneDeploy</message>
  <progress></progress>
  <status>Success</status>
  <statusText></statusText>
  <lastSuccessEndTime>2025-11-07T18:17:55.106801Z</lastSuccessEndTime>
  <receivedTime>2025-11-07T18:17:51.8130072Z</receivedTime>
  <startTime>2025-11-07T18:17:53.2069489Z</startTime>
  <endTime>2025-11-07T18:17:55.106801Z</endTime>
  <complete>True</complete>
  <is_temp>False</is_temp>
  <is_readonly>True</is_readonly>
  <buildSummary />
</deployment>