<step title="Incoming Request" date="2025-11-07T11:22:21.687" instance="eff899" url="/api/zipdeploy?isAsync=true" method="POST" type="request" pid="833,1,22" Accept="*/*" Host="portlink-backend.scm.azurewebsites.net" User-Agent="AZURECLI/2.79.0 (MSI)" Accept-Encoding="gzip, deflate" Authorization="Bea..." Cache-Control="no-cache" Content-Type="application/octet-stream" Content-Length="194146" x-ms-client-request-id="ffe19079-bbcb-11f0-8083-5ce9318c16a9" x-ms-artifact-checksum="2b8cfe7b1272e5e4a41510383f06f1e68df3bf406f8cb7fcca59da3253e02061" X-ARR-LOG-ID="ffe19079-bbcb-11f0-8083-5ce9318c16a9" CLIENT-IP="104.28.205.71:12435" X-SITE-DEPLOYMENT-ID="portlink-backend" WAS-DEFAULT-HOSTNAME="portlink-backend.scm.azurewebsites.net" X-Forwarded-Proto="https" X-AppService-Proto="https" X-Forwarded-TlsVersion="1.3" X-WAWS-Unencoded-URL="/api/zipdeploy?isAsync=true" X-Client-IP="104.28.205.71" X-Client-Port="12435" >
  <step title="Cleanup Xml Logs" date="2025-11-07T11:22:21.750" /><!-- duration: 50ms -->
  <step title="ZipPushDeploy" date="2025-11-07T11:22:22.631" >
    <step title="ZipDeploy. Extract zip. Remote build." date="2025-11-07T11:22:22.651" /><!-- duration: 2ms -->
    <step title="None repository commit" date="2025-11-07T11:22:22.673" >
      <step title="Commit id: b7b095e5-d4aa-4fa4-a5dd-058375caf9b0" date="2025-11-07T11:22:22.682" Message="N/A" AuthorName="N/A" AuthorEmail="N/A" /><!-- duration: 18ms -->
    </step><!-- duration: 30ms -->
    <step title="Starting PushDeployAsync" date="2025-11-07T11:22:22.707" /><!-- duration: 2ms -->
    <step title="Writing artifact to /tmp/zipdeploy/175fe40f-8876-4e3c-bb71-e0382e16b463.zip" date="2025-11-07T11:22:22.762" >
      <step title="Writing multipart request body to /tmp/zipdeploy/175fe40f-8876-4e3c-bb71-e0382e16b463.zip" date="2025-11-07T11:22:22.802" /><!-- duration: 11ms -->
    </step><!-- duration: 272ms -->
    <step title="Start deployment in the background" date="2025-11-07T11:22:23.050" >
      <step title="Acquiring Deployment Lock" date="2025-11-07T11:22:23.114" /><!-- duration: 20ms -->
      <step title="Acquired Deployment Lock" date="2025-11-07T11:22:23.300" /><!-- duration: 2ms -->
    </step><!-- duration: 397ms -->
  </step><!-- duration: 887ms -->
  <step title="Outgoing response" date="2025-11-07T11:22:23.556" type="response" statusCode="202" statusText="Accepted" /><!-- duration: 6ms -->
</step><!-- duration: 1876ms -->
