<step title="Incoming Request" date="2025-11-07T15:01:20.334" instance="eff899" url="/api/deployments/latest?deployer=OneDeploy&amp;time=2025-11-07_14-38-26Z" method="GET" type="request" pid="837,1,24" Host="portlink-backend.scm.azurewebsites.net" User-Agent="GITHUBACTIONS_DeployWebAppToAzure_b7de2393ae055a4cc5d5f204cf2bc8ba841da971e7a216248eeb658904592ec1" Authorization="Bea..." Content-Type="application/json; charset=utf-8" Cookie="ARRAffinity=eff89978f5cf6bb0100ab5f0395c7a27d61f638450e8da07309cd08333b23017;Path=/;HttpOnly;Secure;Domain=portlink-backend.scm.azurewebsites.net; ARRAffinitySameSite=eff89978f5cf6bb0100ab5f0395c7a27d61f638450e8da07309cd08333b23017;Path=/;HttpOnly;SameSite=None;Secure;Domain=portlink-backend.scm.azurewebsites.net" Content-Length="0" X-ARR-LOG-ID="fb911d91-c93a-43ba-8010-317d31a35e2b" CLIENT-IP="135.232.200.22:8192" X-SITE-DEPLOYMENT-ID="portlink-backend" WAS-DEFAULT-HOSTNAME="portlink-backend.scm.azurewebsites.net" X-Forwarded-Proto="https" X-AppService-Proto="https" X-Forwarded-TlsVersion="1.3" X-WAWS-Unencoded-URL="/api/deployments/latest?deployer=OneDeploy&amp;time=2025-11-07_14-38-26Z" X-Client-IP="135.232.200.22" X-Client-Port="8192" >
  <step title="Cleanup Xml Logs" date="2025-11-07T15:01:20.354" >
    <step title="Cleanup Infos" date="2025-11-07T15:01:20.475" totalFiles="211" totalCleanup="51" /><!-- duration: 19ms -->
  </step><!-- duration: 151ms -->
  <step title="DeploymentService.GetResult" date="2025-11-07T15:01:20.603" >
    <step title="DeploymentService.GetLatestDeployment" date="2025-11-07T15:01:20.635" >
      <step title="DeploymentManager.GetResults" date="2025-11-07T15:01:20.646" /><!-- duration: 589ms -->
    </step><!-- duration: 603ms -->
  </step><!-- duration: 637ms -->
  <step title="Outgoing response" date="2025-11-07T15:01:21.245" type="response" statusCode="202" statusText="Accepted" /><!-- duration: 5ms -->
</step><!-- duration: 918ms -->
