<step title="Incoming Request" date="2025-11-07T14:59:58.846" instance="eff899" url="/api/deployments/latest?deployer=OneDeploy&amp;time=2025-11-07_14-38-26Z" method="GET" type="request" pid="837,1,22" Host="portlink-backend.scm.azurewebsites.net" User-Agent="GITHUBACTIONS_DeployWebAppToAzure_b7de2393ae055a4cc5d5f204cf2bc8ba841da971e7a216248eeb658904592ec1" Authorization="Bea..." Content-Type="application/json; charset=utf-8" Cookie="ARRAffinity=eff89978f5cf6bb0100ab5f0395c7a27d61f638450e8da07309cd08333b23017;Path=/;HttpOnly;Secure;Domain=portlink-backend.scm.azurewebsites.net; ARRAffinitySameSite=eff89978f5cf6bb0100ab5f0395c7a27d61f638450e8da07309cd08333b23017;Path=/;HttpOnly;SameSite=None;Secure;Domain=portlink-backend.scm.azurewebsites.net" Content-Length="0" X-ARR-LOG-ID="79d5e203-b770-492f-9cb1-73e6158a4f4f" CLIENT-IP="135.232.200.22:8192" X-SITE-DEPLOYMENT-ID="portlink-backend" WAS-DEFAULT-HOSTNAME="portlink-backend.scm.azurewebsites.net" X-Forwarded-Proto="https" X-AppService-Proto="https" X-Forwarded-TlsVersion="1.3" X-WAWS-Unencoded-URL="/api/deployments/latest?deployer=OneDeploy&amp;time=2025-11-07_14-38-26Z" X-Client-IP="135.232.200.22" X-Client-Port="8192" >
  <step title="Cleanup Xml Logs" date="2025-11-07T14:59:58.875" >
    <step title="Cleanup Infos" date="2025-11-07T14:59:58.916" totalFiles="201" totalCleanup="41" /><!-- duration: 33ms -->
  </step><!-- duration: 152ms -->
  <step title="DeploymentService.GetResult" date="2025-11-07T14:59:59.089" >
    <step title="DeploymentService.GetLatestDeployment" date="2025-11-07T14:59:59.117" >
      <step title="DeploymentManager.GetResults" date="2025-11-07T14:59:59.128" /><!-- duration: 373ms -->
    </step><!-- duration: 393ms -->
  </step><!-- duration: 431ms -->
  <step title="Outgoing response" date="2025-11-07T14:59:59.531" type="response" statusCode="202" statusText="Accepted" /><!-- duration: 9ms -->
</step><!-- duration: 706ms -->
