<step title="Incoming Request" date="2025-11-07T16:57:31.287" instance="eff899" url="/api/deployments/latest" method="GET" type="request" pid="833,1,29" Accept="*/*" Host="portlink-backend.scm.azurewebsites.net" User-Agent="AZURECLI/2.79.0 (MSI)" Accept-Encoding="gzip, deflate" Authorization="Bea..." x-ms-client-request-id="aa88582b-bbfa-11f0-9543-5ce9318c16a9" X-ARR-LOG-ID="aa88582b-bbfa-11f0-9543-5ce9318c16a9" CLIENT-IP="104.28.205.71:28983" X-SITE-DEPLOYMENT-ID="portlink-backend" WAS-DEFAULT-HOSTNAME="portlink-backend.scm.azurewebsites.net" X-Forwarded-Proto="https" X-AppService-Proto="https" X-Forwarded-TlsVersion="1.3" X-WAWS-Unencoded-URL="/api/deployments/latest" X-Client-IP="104.28.205.71" X-Client-Port="28983" >
  <step title="Cleanup Xml Logs" date="2025-11-07T16:57:31.299" >
    <step title="Cleanup Infos" date="2025-11-07T16:57:31.337" totalFiles="283" totalCleanup="123" /><!-- duration: 11ms -->
  </step><!-- duration: 60ms -->
  <step title="DeploymentService.GetResult" date="2025-11-07T16:57:31.447" >
    <step title="DeploymentService.GetLatestDeployment" date="2025-11-07T16:57:31.449" >
      <step title="DeploymentManager.GetResults" date="2025-11-07T16:57:31.528" /><!-- duration: 363ms -->
    </step><!-- duration: 452ms -->
  </step><!-- duration: 463ms -->
  <step title="Outgoing response" date="2025-11-07T16:57:31.921" type="response" statusCode="202" statusText="Accepted" /><!-- duration: 10ms -->
</step><!-- duration: 653ms -->
