<step title="Incoming Request" date="2025-11-07T15:36:54.352" instance="eff899" url="/api/deployments/latest?deployer=OneDeploy&amp;time=2025-11-07_15-36-53Z" method="GET" type="request" pid="837,1,42" Host="portlink-backend.scm.azurewebsites.net" User-Agent="GITHUBACTIONS_DeployWebAppToAzure_b7de2393ae055a4cc5d5f204cf2bc8ba841da971e7a216248eeb658904592ec1" Authorization="Bea..." Content-Type="application/json; charset=utf-8" Cookie="ARRAffinity=eff89978f5cf6bb0100ab5f0395c7a27d61f638450e8da07309cd08333b23017;Path=/;HttpOnly;Secure;Domain=portlink-backend.scm.azurewebsites.net; ARRAffinitySameSite=eff89978f5cf6bb0100ab5f0395c7a27d61f638450e8da07309cd08333b23017;Path=/;HttpOnly;SameSite=None;Secure;Domain=portlink-backend.scm.azurewebsites.net" Content-Length="0" X-ARR-LOG-ID="ca85d68c-22ac-4fd4-9f3a-74fd5ce2cf33" CLIENT-IP="20.168.4.3:7200" X-SITE-DEPLOYMENT-ID="portlink-backend" WAS-DEFAULT-HOSTNAME="portlink-backend.scm.azurewebsites.net" X-Forwarded-Proto="https" X-AppService-Proto="https" X-Forwarded-TlsVersion="1.3" X-WAWS-Unencoded-URL="/api/deployments/latest?deployer=OneDeploy&amp;time=2025-11-07_15-36-53Z" X-Client-IP="20.168.4.3" X-Client-Port="7200" >
  <step title="Cleanup Xml Logs" date="2025-11-07T15:36:54.372" >
    <step title="Cleanup Infos" date="2025-11-07T15:36:54.413" totalFiles="259" totalCleanup="99" /><!-- duration: 13ms -->
  </step><!-- duration: 111ms -->
  <step title="DeploymentService.GetResult" date="2025-11-07T15:36:54.535" >
    <step title="DeploymentService.GetLatestDeployment" date="2025-11-07T15:36:54.565" >
      <step title="DeploymentManager.GetResults" date="2025-11-07T15:36:54.587" /><!-- duration: 774ms -->
    </step><!-- duration: 824ms -->
  </step><!-- duration: 873ms -->
  <step title="Outgoing response" date="2025-11-07T15:36:55.431" type="response" statusCode="202" statusText="Accepted" /><!-- duration: 19ms -->
</step><!-- duration: 1117ms -->
