<step title="Incoming Request" date="2025-11-07T19:34:15.414" instance="eff899" url="/api/publish?type=zip&amp;restart=True&amp;clean=True" method="POST" type="request" pid="833,1,16" Accept="*/*" Host="portlink-backend.scm.azurewebsites.net" User-Agent="AZURECLI/2.79.0 (MSI)" Accept-Encoding="gzip, deflate" Authorization="Bea..." Cache-Control="no-cache" Content-Type="application/octet-stream" Cookie="ARRAffinity=eff89978f5cf6bb0100ab5f0395c7a27d61f638450e8da07309cd08333b23017; ARRAffinitySameSite=eff89978f5cf6bb0100ab5f0395c7a27d61f638450e8da07309cd08333b23017" Content-Length="28938915" x-ms-client-request-id="b6895f07-bc10-11f0-99f4-5ce9318c16a9" x-ms-artifact-checksum="dbd0a91062c6053a7ae95d23e6a47b69f9b45250eb8a1fa1f30b6c9a1796b864" X-ARR-LOG-ID="b6895f07-bc10-11f0-99f4-5ce9318c16a9" CLIENT-IP="104.28.205.71:36886" X-SITE-DEPLOYMENT-ID="portlink-backend" WAS-DEFAULT-HOSTNAME="portlink-backend.scm.azurewebsites.net" X-Forwarded-Proto="https" X-AppService-Proto="https" X-Forwarded-TlsVersion="1.3" X-WAWS-Unencoded-URL="/api/publish?type=zip&amp;restart=True&amp;clean=True" X-Client-IP="104.28.205.71" X-Client-Port="36886" >
  <step title="OneDeploy" date="2025-11-07T19:34:15.604" >
    <step title="None repository commit" date="2025-11-07T19:34:15.615" >
      <step title="Commit id: 65a53604-0ccd-42f7-92e9-ca2baaa90cfe" date="2025-11-07T19:34:15.618" Message="N/A" AuthorName="N/A" AuthorEmail="N/A" /><!-- duration: 2ms -->
    </step><!-- duration: 8ms -->
    <step title="Starting PushDeployAsync" date="2025-11-07T19:34:15.627" /><!-- duration: 3ms -->
    <step title="WEBSITE_RUN_FROM_PACKAGE is set to 1. Writing zip to SitePackagesPath" date="2025-11-07T19:34:15.643" /><!-- duration: 23ms -->
    <step title="Copying zip to SitePackages /home/data/SitePackages/20251107193415.zip from request body" date="2025-11-07T19:34:15.669" /><!-- duration: 6ms -->
    <step title="Writing multipart request body to /home/data/SitePackages/20251107193415.zip" date="2025-11-07T19:34:15.695" /><!-- duration: 10ms -->
    <step title="Attempting to fetch target branch HEAD" date="2025-11-07T19:34:42.011" /><!-- duration: 4ms -->
    <step title="Acquiring Deployment Lock" date="2025-11-07T19:34:42.018" /><!-- duration: 4ms -->
    <step title="Acquired Deployment Lock" date="2025-11-07T19:34:42.057" /><!-- duration: 5ms -->
    <step title="Performing fetch based deployment" date="2025-11-07T19:34:42.066" >
      <step title="Creating temporary deployment" date="2025-11-07T19:34:42.069" /><!-- duration: 155ms -->
      <step title="Releasing Deployment Lock" date="2025-11-07T19:34:43.444" /><!-- duration: 2ms -->
      <step title="None repository commit" date="2025-11-07T19:34:43.666" >
        <step title="Commit id: 65a53604-0ccd-42f7-92e9-ca2baaa90cfe" date="2025-11-07T19:34:43.668" Message="OneDeploy" AuthorName="N/A" AuthorEmail="N/A" /><!-- duration: 2ms -->
      </step><!-- duration: 11ms -->
      <step title="Deployment timer started" date="2025-11-07T19:34:45.682" >
        <step title="DeploymentManager.Deploy(id:65a53604-0ccd-42f7-92e9-ca2baaa90cfe)" date="2025-11-07T19:34:45.685" >
          <step title="Collecting changeset information" date="2025-11-07T19:34:45.703" /><!-- duration: 73ms -->
          <step title="Updating submodules" date="2025-11-07T19:34:45.780" /><!-- duration: 1127ms -->
          <step title="Determining deployment builder" date="2025-11-07T19:34:47.181" >
            <step title="Builder is RunFromZipSiteBuilder" date="2025-11-07T19:34:47.191" /><!-- duration: 2ms -->
          </step><!-- duration: 20ms -->
          <step title="PreDeployment: context.CleanOutputPath False" date="2025-11-07T19:34:47.248" >
            <step title="PreDeployment: context.OutputPath /home/site/wwwroot" date="2025-11-07T19:34:47.364" >
              <step title="Building" date="2025-11-07T19:34:47.510" >
                <step title="Modified file to trigger a restart of the app container." date="2025-11-07T19:34:47.952" /><!-- duration: 3ms -->
                <step title="Skip function trigger and logicapp sync because function is not enabled." date="2025-11-07T19:34:47.959" /><!-- duration: 9ms -->
              </step><!-- duration: 1347ms -->
            </step><!-- duration: 1496ms -->
            <step title="Cleaning up temp files" date="2025-11-07T19:34:48.861" /><!-- duration: 3ms -->
            <step title="Cleaning up temp files" date="2025-11-07T19:34:48.874" /><!-- duration: 504ms -->
            <step title="Reloading status file with latest updates" date="2025-11-07T19:34:49.421" >
              <step title="WebHooksManager.PublishEventAsync: PostDeployment" date="2025-11-07T19:34:49.425" /><!-- duration: 99ms -->
            </step><!-- duration: 105ms -->
            <step title="Cleaning up temporary deployment - fetch deployment was successful" date="2025-11-07T19:34:49.529" /><!-- duration: 2ms -->
          </step><!-- duration: 2344ms -->
        </step><!-- duration: 3911ms -->
        <step title="Outgoing response" date="2025-11-07T19:34:49.608" type="response" statusCode="200" statusText="OK" /><!-- duration: 2ms -->
      </step><!-- duration: 3930ms -->
