<step title="Incoming Request" date="2025-11-07T16:57:22.647" instance="eff899" url="/api/deployments/latest" method="GET" type="request" pid="833,1,29" Accept="*/*" Host="portlink-backend.scm.azurewebsites.net" User-Agent="AZURECLI/2.79.0 (MSI)" Accept-Encoding="gzip, deflate" Authorization="Bea..." x-ms-client-request-id="aa88582b-bbfa-11f0-9543-5ce9318c16a9" X-ARR-LOG-ID="aa88582b-bbfa-11f0-9543-5ce9318c16a9" CLIENT-IP="104.28.205.71:38284" X-SITE-DEPLOYMENT-ID="portlink-backend" WAS-DEFAULT-HOSTNAME="portlink-backend.scm.azurewebsites.net" X-Forwarded-Proto="https" X-AppService-Proto="https" X-Forwarded-TlsVersion="1.3" X-WAWS-Unencoded-URL="/api/deployments/latest" X-Client-IP="104.28.205.71" X-Client-Port="38284" >
  <step title="Cleanup Xml Logs" date="2025-11-07T16:57:22.667" >
    <step title="Cleanup Infos" date="2025-11-07T16:57:22.848" totalFiles="281" totalCleanup="121" /><!-- duration: 30ms -->
  </step><!-- duration: 272ms -->
  <step title="DeploymentService.GetResult" date="2025-11-07T16:57:23.390" >
    <step title="DeploymentService.GetLatestDeployment" date="2025-11-07T16:57:23.413" >
      <step title="DeploymentManager.GetResults" date="2025-11-07T16:57:23.523" /><!-- duration: 1076ms -->
    </step><!-- duration: 1244ms -->
  </step><!-- duration: 1299ms -->
  <step title="Outgoing response" date="2025-11-07T16:57:24.800" type="response" statusCode="202" statusText="Accepted" /><!-- duration: 9ms -->
</step><!-- duration: 2182ms -->
