<step title="Incoming Request" date="2025-11-07T16:56:31.981" instance="eff899" url="/api/zipdeploy?isAsync=true" method="POST" type="request" pid="833,1,34" Accept="*/*" Host="portlink-backend.scm.azurewebsites.net" User-Agent="AZURECLI/2.79.0 (MSI)" Accept-Encoding="gzip, deflate" Authorization="Bea..." Cache-Control="no-cache" Content-Type="application/octet-stream" Content-Length="45457212" x-ms-client-request-id="aa88582b-bbfa-11f0-9543-5ce9318c16a9" x-ms-artifact-checksum="3a0e9b3ff9ece6a8fa1f31e3e0d6c1d85ec3169f8f93c1fc613a8556b62876fb" X-ARR-LOG-ID="aa88582b-bbfa-11f0-9543-5ce9318c16a9" CLIENT-IP="104.28.205.71:13132" X-SITE-DEPLOYMENT-ID="portlink-backend" WAS-DEFAULT-HOSTNAME="portlink-backend.scm.azurewebsites.net" X-Forwarded-Proto="https" X-AppService-Proto="https" X-Forwarded-TlsVersion="1.3" X-WAWS-Unencoded-URL="/api/zipdeploy?isAsync=true" X-Client-IP="104.28.205.71" X-Client-Port="13132" >
  <step title="Cleanup Xml Logs" date="2025-11-07T16:56:32.005" >
    <step title="Cleanup Infos" date="2025-11-07T16:56:32.028" totalFiles="279" totalCleanup="119" /><!-- duration: 102ms -->
  </step><!-- duration: 135ms -->
  <step title="ZipPushDeploy" date="2025-11-07T16:56:32.434" >
    <step title="ZipDeploy. Extract zip." date="2025-11-07T16:56:32.457" /><!-- duration: 4ms -->
    <step title="Starting PushDeployAsync" date="2025-11-07T16:56:32.473" /><!-- duration: 3ms -->
    <step title="Writing artifact to /tmp/zipdeploy/fd630205-8eb0-41d7-ad2b-b69f9534f9c9.zip" date="2025-11-07T16:56:32.507" >
      <step title="Writing multipart request body to /tmp/zipdeploy/fd630205-8eb0-41d7-ad2b-b69f9534f9c9.zip" date="2025-11-07T16:56:32.515" /><!-- duration: 35ms -->
    </step><!-- duration: 39462ms -->
    <step title="Start deployment in the background" date="2025-11-07T16:57:12.248" >
      <step title="Acquiring Deployment Lock" date="2025-11-07T16:57:12.640" /><!-- duration: 11ms -->
      <step title="Acquired Deployment Lock" date="2025-11-07T16:57:12.932" /><!-- duration: 11ms -->
    </step><!-- duration: 1086ms -->
  </step><!-- duration: 40973ms -->
  <step title="Outgoing response" date="2025-11-07T16:57:13.416" type="response" statusCode="202" statusText="Accepted" /><!-- duration: 2ms -->
</step><!-- duration: 41440ms -->
