<step title="Incoming Request" date="2025-11-07T16:07:49.106" instance="eff899" url="/api/zipdeploy?isAsync=true" method="POST" type="request" pid="833,1,20" Accept="*/*" Host="portlink-backend.scm.azurewebsites.net" User-Agent="AZURECLI/2.79.0 (MSI)" Accept-Encoding="gzip, deflate" Authorization="Bea..." Cache-Control="no-cache" Content-Type="application/octet-stream" Content-Length="376001" x-ms-client-request-id="e45410f9-bbf3-11f0-8597-5ce9318c16a9" x-ms-artifact-checksum="98fae6457024eceafc3a8b168048c5a194d3bbe7b8e0fa77db9c0de41cc78f95" X-ARR-LOG-ID="e45410f9-bbf3-11f0-8597-5ce9318c16a9" CLIENT-IP="104.28.205.71:10940" X-SITE-DEPLOYMENT-ID="portlink-backend" WAS-DEFAULT-HOSTNAME="portlink-backend.scm.azurewebsites.net" X-Forwarded-Proto="https" X-AppService-Proto="https" X-Forwarded-TlsVersion="1.3" X-WAWS-Unencoded-URL="/api/zipdeploy?isAsync=true" X-Client-IP="104.28.205.71" X-Client-Port="10940" >
  <step title="Cleanup Xml Logs" date="2025-11-07T16:07:49.115" >
    <step title="Cleanup Infos" date="2025-11-07T16:07:49.121" totalFiles="273" totalCleanup="113" /><!-- duration: 7ms -->
  </step><!-- duration: 17ms -->
  <step title="ZipPushDeploy" date="2025-11-07T16:07:49.857" >
    <step title="ZipDeploy. Extract zip." date="2025-11-07T16:07:49.862" /><!-- duration: 2ms -->
    <step title="None repository commit" date="2025-11-07T16:07:49.870" >
      <step title="Commit id: b8970ab3-22d5-4e4d-b784-e6c348e48047" date="2025-11-07T16:07:49.873" Message="N/A" AuthorName="N/A" AuthorEmail="N/A" /><!-- duration: 5ms -->
    </step><!-- duration: 9ms -->
    <step title="Starting PushDeployAsync" date="2025-11-07T16:07:49.881" /><!-- duration: 3ms -->
    <step title="Writing artifact to /tmp/zipdeploy/de279784-3db6-4bf9-865f-71cce38741a8.zip" date="2025-11-07T16:07:49.901" >
      <step title="Writing multipart request body to /tmp/zipdeploy/de279784-3db6-4bf9-865f-71cce38741a8.zip" date="2025-11-07T16:07:49.909" /><!-- duration: 2ms -->
    </step><!-- duration: 200ms -->
    <step title="Start deployment in the background" date="2025-11-07T16:07:50.169" >
      <step title="Acquiring Deployment Lock" date="2025-11-07T16:07:50.300" /><!-- duration: 40ms -->
      <step title="Acquired Deployment Lock" date="2025-11-07T16:07:50.396" /><!-- duration: 2ms -->
    </step><!-- duration: 366ms -->
  </step><!-- duration: 687ms -->
  <step title="Outgoing response" date="2025-11-07T16:07:50.572" type="response" statusCode="202" statusText="Accepted" /><!-- duration: 2ms -->
</step><!-- duration: 1470ms -->
