<step title="Incoming Request" date="2025-11-07T15:36:51.340" instance="eff899" url="/api/publish?async=true&amp;deployer=GITHUB_ONE_DEPLOY&amp;type=zip&amp;message=%7B%22type%22%3A%22deployment%22%2C%22sha%22%3A%22e166f27690078d93a9db2b6c51996ae960a71350%22%2C%22repoName%22%3A%22DinhKimHungW%2FHackathon_2025%22%2C%22actor%22%3A%22DinhKimHungW%22%2C%22slotName%22%3A%22Production%22%2C%22commitMessage%22%3A%22%22%7D" method="POST" type="request" pid="837,1,40" Host="portlink-backend.scm.azurewebsites.net" User-Agent="GITHUBACTIONS_DeployWebAppToAzure_b7de2393ae055a4cc5d5f204cf2bc8ba841da971e7a216248eeb658904592ec1" Authorization="Bea..." Content-Type="application/octet-stream" Cookie="ARRAffinity=eff89978f5cf6bb0100ab5f0395c7a27d61f638450e8da07309cd08333b23017;Path=/;HttpOnly;Secure;Domain=portlink-backend.scm.azurewebsites.net; ARRAffinitySameSite=eff89978f5cf6bb0100ab5f0395c7a27d61f638450e8da07309cd08333b23017;Path=/;HttpOnly;SameSite=None;Secure;Domain=portlink-backend.scm.azurewebsites.net" Transfer-Encoding="chunked" X-ARR-LOG-ID="0b3ed9f6-ccda-4a8d-a05b-fa2308984922" CLIENT-IP="20.168.4.3:7200" X-SITE-DEPLOYMENT-ID="portlink-backend" WAS-DEFAULT-HOSTNAME="portlink-backend.scm.azurewebsites.net" X-Forwarded-Proto="https" X-AppService-Proto="https" X-Forwarded-TlsVersion="1.3" X-WAWS-Unencoded-URL="/api/publish?async=true&amp;deployer=GITHUB_ONE_DEPLOY&amp;type=zip&amp;message=%7B%22type%22%3A%22deployment%22%2C%22sha%22%3A%22e166f27690078d93a9db2b6c51996ae960a71350%22%2C%22repoName%22%3A%22DinhKimHungW%2FHackathon_2025%22%2C%22actor%22%3A%22DinhKimHungW%22%2C%22slotName%22%3A%22Production%22%2C%22commitMessage%22%3A%22%22%7D" X-Client-IP="20.168.4.3" X-Client-Port="7200" >
  <step title="OneDeploy" date="2025-11-07T15:36:51.607" >
    <step title="None repository commit" date="2025-11-07T15:36:51.666" >
      <step title="Commit id: 98c14e9f-b9a4-46ee-a8c1-01b943a47e17" date="2025-11-07T15:36:51.670" Message="N/A" AuthorName="N/A" AuthorEmail="N/A" /><!-- duration: 4ms -->
    </step><!-- duration: 10ms -->
    <step title="Starting PushDeployAsync" date="2025-11-07T15:36:51.679" /><!-- duration: 2ms -->
    <step title="Writing artifact to /tmp/zipdeploy/b5de2f87-2142-44ec-940d-d86234b8a032.zip" date="2025-11-07T15:36:51.731" >
      <step title="Writing multipart request body to /tmp/zipdeploy/b5de2f87-2142-44ec-940d-d86234b8a032.zip" date="2025-11-07T15:36:51.782" /><!-- duration: 5ms -->
    </step><!-- duration: 562ms -->
    <step title="Start deployment in the background" date="2025-11-07T15:36:52.443" >
      <step title="Acquiring Deployment Lock" date="2025-11-07T15:36:52.796" /><!-- duration: 11ms -->
      <step title="Acquired Deployment Lock" date="2025-11-07T15:36:53.159" /><!-- duration: 40ms -->
    </step><!-- duration: 1268ms -->
  </step><!-- duration: 2244ms -->
  <step title="Outgoing response" date="2025-11-07T15:36:53.932" type="response" statusCode="202" statusText="Accepted" /><!-- duration: 30ms -->
</step><!-- duration: 2631ms -->
