<step title="Incoming Request" date="2025-11-07T17:16:58.473" instance="eff899" url="/api/publish?type=zip" method="POST" type="request" pid="833,1,31" Accept="*/*" Host="portlink-backend.scm.azurewebsites.net" User-Agent="AZURECLI/2.79.0 (MSI)" Accept-Encoding="gzip, deflate" Authorization="Bea..." Cache-Control="no-cache" Content-Type="application/octet-stream" Cookie="ARRAffinity=eff89978f5cf6bb0100ab5f0395c7a27d61f638450e8da07309cd08333b23017; ARRAffinitySameSite=eff89978f5cf6bb0100ab5f0395c7a27d61f638450e8da07309cd08333b23017" Content-Length="45457212" x-ms-client-request-id="86cd6fc7-bbfd-11f0-a359-5ce9318c16a9" x-ms-artifact-checksum="3a0e9b3ff9ece6a8fa1f31e3e0d6c1d85ec3169f8f93c1fc613a8556b62876fb" X-ARR-LOG-ID="86cd6fc7-bbfd-11f0-a359-5ce9318c16a9" CLIENT-IP="104.28.205.71:25626" X-SITE-DEPLOYMENT-ID="portlink-backend" WAS-DEFAULT-HOSTNAME="portlink-backend.scm.azurewebsites.net" X-Forwarded-Proto="https" X-AppService-Proto="https" X-Forwarded-TlsVersion="1.3" X-WAWS-Unencoded-URL="/api/publish?type=zip" X-Client-IP="104.28.205.71" X-Client-Port="25626" >
  <step title="Cleanup Xml Logs" date="2025-11-07T17:16:58.476" >
    <step title="Cleanup Infos" date="2025-11-07T17:16:58.586" totalFiles="350" totalCleanup="190" /><!-- duration: 58ms -->
  </step><!-- duration: 188ms -->
  <step title="OneDeploy" date="2025-11-07T17:17:00.877" >
    <step title="Starting PushDeployAsync" date="2025-11-07T17:17:01.196" /><!-- duration: 21ms -->
    <step title="Writing artifact to /tmp/zipdeploy/3a4101d8-7d85-4eca-90e9-01dc0fb89356.zip" date="2025-11-07T17:17:01.288" >
      <step title="Writing multipart request body to /tmp/zipdeploy/3a4101d8-7d85-4eca-90e9-01dc0fb89356.zip" date="2025-11-07T17:17:01.328" /><!-- duration: 21ms -->
    </step><!-- duration: 42187ms -->
    <step title="Attempting to fetch target branch HEAD" date="2025-11-07T17:17:43.756" /><!-- duration: 20ms -->
    <step title="Acquiring Deployment Lock" date="2025-11-07T17:17:44.067" /><!-- duration: 19ms -->
    <step title="Cannot Acquire Deployment Lock already held" date="2025-11-07T17:17:44.197" /><!-- duration: 30ms -->
    <step title="There is a deployment currently in progress. Please try again when it completes." date="2025-11-07T17:17:44.800" /><!-- duration: 33ms -->
  </step><!-- duration: 44017ms -->
  <step title="Outgoing response" date="2025-11-07T17:17:45.214" type="response" statusCode="409" statusText="Conflict" /><!-- duration: 19ms -->
</step><!-- duration: 46853ms -->
