<step title="Incoming Request" date="2025-11-07T14:37:58.187" instance="eff899" url="/api/publish?async=true&amp;deployer=GITHUB_ONE_DEPLOY&amp;type=zip&amp;message=%7B%22type%22%3A%22deployment%22%2C%22sha%22%3A%22e166f27690078d93a9db2b6c51996ae960a71350%22%2C%22repoName%22%3A%22DinhKimHungW%2FHackathon_2025%22%2C%22actor%22%3A%22DinhKimHungW%22%2C%22slotName%22%3A%22Production%22%2C%22commitMessage%22%3A%22Add%20or%20update%20the%20Azure%20App%20Service%20build%20and%20deployment%20workflow%20config%22%7D" method="POST" type="request" pid="833,1,54" Host="portlink-backend.scm.azurewebsites.net" User-Agent="GITHUBACTIONS_DeployWebAppToAzure_b7de2393ae055a4cc5d5f204cf2bc8ba841da971e7a216248eeb658904592ec1" Authorization="Bea..." Content-Type="application/octet-stream" Cookie="ARRAffinity=eff89978f5cf6bb0100ab5f0395c7a27d61f638450e8da07309cd08333b23017;Path=/;HttpOnly;Secure;Domain=portlink-backend.scm.azurewebsites.net; ARRAffinitySameSite=eff89978f5cf6bb0100ab5f0395c7a27d61f638450e8da07309cd08333b23017;Path=/;HttpOnly;SameSite=None;Secure;Domain=portlink-backend.scm.azurewebsites.net" Transfer-Encoding="chunked" X-ARR-LOG-ID="092bc5a1-ef28-4c52-b1a3-07e40120b41b" CLIENT-IP="135.232.200.22:8192" X-SITE-DEPLOYMENT-ID="portlink-backend" WAS-DEFAULT-HOSTNAME="portlink-backend.scm.azurewebsites.net" X-Forwarded-Proto="https" X-AppService-Proto="https" X-Forwarded-TlsVersion="1.3" X-WAWS-Unencoded-URL="/api/publish?async=true&amp;deployer=GITHUB_ONE_DEPLOY&amp;type=zip&amp;message=%7B%22type%22%3A%22deployment%22%2C%22sha%22%3A%22e166f27690078d93a9db2b6c51996ae960a71350%22%2C%22repoName%22%3A%22DinhKimHungW%2FHackathon_2025%22%2C%22actor%22%3A%22DinhKimHungW%22%2C%22slotName%22%3A%22Production%22%2C%22commitMessage%22%3A%22Add%20or%20update%20the%20Azure%20App%20Service%20build%20and%20deployment%20workflow%20config%22%7D" X-Client-IP="135.232.200.22" X-Client-Port="8192" >
  <step title="Cleanup Xml Logs" date="2025-11-07T14:37:58.279" /><!-- duration: 30ms -->
  <step title="OneDeploy" date="2025-11-07T14:38:12.142" >
    <step title="Starting PushDeployAsync" date="2025-11-07T14:38:13.329" /><!-- duration: 73ms -->
    <step title="Writing artifact to /tmp/zipdeploy/1629b49e-1c42-4a9a-897b-19bcff18a447.zip" date="2025-11-07T14:38:13.702" >
      <step title="Writing multipart request body to /tmp/zipdeploy/1629b49e-1c42-4a9a-897b-19bcff18a447.zip" date="2025-11-07T14:38:13.802" /><!-- duration: 200ms -->
    </step><!-- duration: 3451ms -->
    <step title="Start deployment in the background" date="2025-11-07T14:38:17.653" >
      <step title="Acquiring Deployment Lock" date="2025-11-07T14:38:18.237" /><!-- duration: 51ms -->
      <step title="Acquired Deployment Lock" date="2025-11-07T14:38:21.343" /><!-- duration: 754ms -->
    </step><!-- duration: 8466ms -->
  </step><!-- duration: 15084ms -->
  <step title="Outgoing response" date="2025-11-07T14:38:27.317" type="response" statusCode="202" statusText="Accepted" /><!-- duration: 69ms -->
</step><!-- duration: 29238ms -->
