<step title="BackgroundTrace" date="2025-11-07T15:36:52.595" instance="eff899" url="/api/publish" method="POST" >
  <step title="Creating temporary deployment - FetchDeploymentManager" date="2025-11-07T15:36:53.209" /><!-- duration: 9ms -->
  <step title="Creating temporary deployment" date="2025-11-07T15:36:53.238" /><!-- duration: 433ms -->
  <step title="Performing fetch based deployment" date="2025-11-07T15:36:54.051" >
    <step title="Cleaning up temp folders from previous zip deployments and extracting pushed zip file /tmp/zipdeploy/b5de2f87-2142-44ec-940d-d86234b8a032.zip (1.14 MB) to /tmp/zipdeploy/extracted" date="2025-11-07T15:36:55.781" >
      <step title="ChmodRecursive Process exited with total time taken in ms: 118" date="2025-11-07T15:36:56.654" /><!-- duration: 11ms -->
    </step><!-- duration: 894ms -->
    <step title="Deployment timer started" date="2025-11-07T15:36:58.701" >
      <step title="DeploymentManager.Deploy(id:98c14e9f-b9a4-46ee-a8c1-01b943a47e17)" date="2025-11-07T15:36:58.707" >
        <step title="Collecting changeset information" date="2025-11-07T15:36:58.751" /><!-- duration: 99ms -->
        <step title="Updating submodules" date="2025-11-07T15:36:58.853" /><!-- duration: 1205ms -->
        <step title="Determining deployment builder" date="2025-11-07T15:37:00.269" >
          <step title="Builder is OryxBuilder" date="2025-11-07T15:37:00.296" /><!-- duration: 2ms -->
        </step><!-- duration: 35ms -->
        <step title="PreDeployment: context.CleanOutputPath False" date="2025-11-07T15:37:00.358" >
          <step title="PreDeployment: context.OutputPath /home/site/wwwroot" date="2025-11-07T15:37:00.475" >
            <step title="Building" date="2025-11-07T15:37:00.606" >
              <step title="Executing external process" date="2025-11-07T15:37:00.940" type="process" path="bash" arguments="-c &quot;oryx build /tmp/zipdeploy/extracted -o /home/site/wwwroot --platform nodejs --platform-version 20 -p virtualenv_name= --log-file /tmp/build-debug.log  -i /tmp/8de1e137e2b1494 -p compress_node_modules=tar-gz | tee /tmp/oryx-build.log ; exit $PIPESTATUS &quot;" >
                <step title="Process dump" date="2025-11-07T15:37:07.824" exitCode="3" type="processOutput" /><!-- duration: 29ms -->
              </step><!-- duration: 6945ms -->
              <step title="Error occurred" date="2025-11-07T15:37:07.956" type="error" text="Error: Couldn&apos;t detect a version for the platform &apos;nodejs&apos; in the repo.
/bin/bash -c &quot;oryx build /tmp/zipdeploy/extracted -o /home/site/wwwroot --platform nodejs --platform-version 20 -p virtualenv_name= --log-file /tmp/build-debug.log  -i /tmp/8de1e137e2b1494 -p compress_node_modules=tar-gz | tee /tmp/oryx-build.log ; exit $PIPESTATUS &quot;" stackTrace="   at Kudu.Core.Infrastructure.Executable.ExecuteInternal(ITracer tracer, Func`2 onWriteOutput, Func`2 onWriteError, CancellationToken token, Encoding encoding, String arguments, Object[] args) in /tmp/KuduLite/Kudu.Core/Infrastructure/Executable.cs:line 239
   at Kudu.Core.Infrastructure.Executable.ExecuteWithProgressWriter(ILogger logger, ITracer tracer, CancellationToken token, String arguments, Object[] args) in /tmp/KuduLite/Kudu.Core/Infrastructure/Executable.cs:line 118
   at Kudu.Core.Deployment.Generator.ExternalCommandBuilder.RunCommand(DeploymentContext context, String command, Boolean ignoreManifest, CancellationToken token, String message) in /tmp/KuduLite/Kudu.Core/Deployment/Generator/ExternalCommandBuilder.cs:line 122" /><!-- duration: 7ms -->
              <step title="Error occurred" date="2025-11-07T15:37:08.007" type="error" text="Error: Couldn&apos;t detect a version for the platform &apos;nodejs&apos; in the repo.
/bin/bash -c &quot;oryx build /tmp/zipdeploy/extracted -o /home/site/wwwroot --platform nodejs --platform-version 20 -p virtualenv_name= --log-file /tmp/build-debug.log  -i /tmp/8de1e137e2b1494 -p compress_node_modules=tar-gz | tee /tmp/oryx-build.log ; exit $PIPESTATUS &quot;" stackTrace="   at Kudu.Core.Infrastructure.Executable.ExecuteInternal(ITracer tracer, Func`2 onWriteOutput, Func`2 onWriteError, CancellationToken token, Encoding encoding, String arguments, Object[] args) in /tmp/KuduLite/Kudu.Core/Infrastructure/Executable.cs:line 239
   at Kudu.Core.Infrastructure.Executable.ExecuteWithProgressWriter(ILogger logger, ITracer tracer, CancellationToken token, String arguments, Object[] args) in /tmp/KuduLite/Kudu.Core/Infrastructure/Executable.cs:line 118
   at Kudu.Core.Deployment.Generator.ExternalCommandBuilder.RunCommand(DeploymentContext context, String command, Boolean ignoreManifest, CancellationToken token, String message) in /tmp/KuduLite/Kudu.Core/Deployment/Generator/ExternalCommandBuilder.cs:line 122
   at Kudu.Core.Deployment.Generator.OryxBuilder.RunBuildCommand(IOryxArguments args, DeploymentContext context, CancellationToken token) in /tmp/KuduLite/Kudu.Core/Deployment/Generator/OryxBuilder.cs:line 295
   at Kudu.Core.Deployment.Generator.OryxBuilder.Build(DeploymentContext context, CancellationToken token) in /tmp/KuduLite/Kudu.Core/Deployment/Generator/OryxBuilder.cs:line 136
   at Kudu.Core.Deployment.DeploymentManager.Build(ChangeSet changeSet, ITracer tracer, IDisposable deployStep, IRepository repository, DeploymentInfoBase deploymentInfo, DeploymentAnalytics deploymentAnalytics, Boolean fullBuildByDefault, CancellationToken cancellationToken) in /tmp/KuduLite/Kudu.Core/Deployment/DeploymentManager.cs:line 771" /><!-- duration: 3ms -->
              <step title="Using GenericDeploymentLogParser" date="2025-11-07T15:37:08.398" /><!-- duration: 11ms -->
              <step title="Purge deployment items" date="2025-11-07T15:37:11.556" >
                <step title="Remove temp-7620, Pending, received at 11/07/2025 15:36:53" date="2025-11-07T15:37:11.767" /><!-- duration: 11ms -->
                <step title="Remove temp-4f42, Pending, received at 11/07/2025 14:38:23" date="2025-11-07T15:37:11.928" /><!-- duration: 10ms -->
                <step title="Remove b7b095e5-, Failed, received at 11/07/2025 11:22:28" date="2025-11-07T15:37:12.067" /><!-- duration: 30ms -->
              </step><!-- duration: 574ms -->
            </step><!-- duration: 11533ms -->
          </step><!-- duration: 11734ms -->
          <step title="Error occurred" date="2025-11-07T15:37:12.219" type="error" text="Error: Couldn&apos;t detect a version for the platform &apos;nodejs&apos; in the repo.
/bin/bash -c &quot;oryx build /tmp/zipdeploy/extracted -o /home/site/wwwroot --platform nodejs --platform-version 20 -p virtualenv_name= --log-file /tmp/build-debug.log  -i /tmp/8de1e137e2b1494 -p compress_node_modules=tar-gz | tee /tmp/oryx-build.log ; exit $PIPESTATUS &quot;" stackTrace="   at Kudu.Core.Infrastructure.Executable.ExecuteInternal(ITracer tracer, Func`2 onWriteOutput, Func`2 onWriteError, CancellationToken token, Encoding encoding, String arguments, Object[] args) in /tmp/KuduLite/Kudu.Core/Infrastructure/Executable.cs:line 239
   at Kudu.Core.Infrastructure.Executable.ExecuteWithProgressWriter(ILogger logger, ITracer tracer, CancellationToken token, String arguments, Object[] args) in /tmp/KuduLite/Kudu.Core/Infrastructure/Executable.cs:line 118
   at Kudu.Core.Deployment.Generator.ExternalCommandBuilder.RunCommand(DeploymentContext context, String command, Boolean ignoreManifest, CancellationToken token, String message) in /tmp/KuduLite/Kudu.Core/Deployment/Generator/ExternalCommandBuilder.cs:line 122
   at Kudu.Core.Deployment.Generator.OryxBuilder.RunBuildCommand(IOryxArguments args, DeploymentContext context, CancellationToken token) in /tmp/KuduLite/Kudu.Core/Deployment/Generator/OryxBuilder.cs:line 295
   at Kudu.Core.Deployment.Generator.OryxBuilder.Build(DeploymentContext context, CancellationToken token) in /tmp/KuduLite/Kudu.Core/Deployment/Generator/OryxBuilder.cs:line 136
   at Kudu.Core.Deployment.DeploymentManager.Build(ChangeSet changeSet, ITracer tracer, IDisposable deployStep, IRepository repository, DeploymentInfoBase deploymentInfo, DeploymentAnalytics deploymentAnalytics, Boolean fullBuildByDefault, CancellationToken cancellationToken) in /tmp/KuduLite/Kudu.Core/Deployment/DeploymentManager.cs:line 771
   at Kudu.Core.Deployment.DeploymentManager.Build(ChangeSet changeSet, ITracer tracer, IDisposable deployStep, IRepository repository, DeploymentInfoBase deploymentInfo, DeploymentAnalytics deploymentAnalytics, Boolean fullBuildByDefault, CancellationToken cancellationToken) in /tmp/KuduLite/Kudu.Core/Deployment/DeploymentManager.cs:line 840" /><!-- duration: 109ms -->
          <step title="Cleaning up temp files" date="2025-11-07T15:37:12.752" /><!-- duration: 101ms -->
          <step title="Cleaning up temp files" date="2025-11-07T15:37:12.893" /><!-- duration: 551ms -->
          <step title="Error occurred" date="2025-11-07T15:37:13.634" type="error" text="Error: Couldn&apos;t detect a version for the platform &apos;nodejs&apos; in the repo.
/bin/bash -c &quot;oryx build /tmp/zipdeploy/extracted -o /home/site/wwwroot --platform nodejs --platform-version 20 -p virtualenv_name= --log-file /tmp/build-debug.log  -i /tmp/8de1e137e2b1494 -p compress_node_modules=tar-gz | tee /tmp/oryx-build.log ; exit $PIPESTATUS &quot;" stackTrace="   at Kudu.Core.Infrastructure.Executable.ExecuteInternal(ITracer tracer, Func`2 onWriteOutput, Func`2 onWriteError, CancellationToken token, Encoding encoding, String arguments, Object[] args) in /tmp/KuduLite/Kudu.Core/Infrastructure/Executable.cs:line 239
   at Kudu.Core.Infrastructure.Executable.ExecuteWithProgressWriter(ILogger logger, ITracer tracer, CancellationToken token, String arguments, Object[] args) in /tmp/KuduLite/Kudu.Core/Infrastructure/Executable.cs:line 118
   at Kudu.Core.Deployment.Generator.ExternalCommandBuilder.RunCommand(DeploymentContext context, String command, Boolean ignoreManifest, CancellationToken token, String message) in /tmp/KuduLite/Kudu.Core/Deployment/Generator/ExternalCommandBuilder.cs:line 122
   at Kudu.Core.Deployment.Generator.OryxBuilder.RunBuildCommand(IOryxArguments args, DeploymentContext context, CancellationToken token) in /tmp/KuduLite/Kudu.Core/Deployment/Generator/OryxBuilder.cs:line 295
   at Kudu.Core.Deployment.Generator.OryxBuilder.Build(DeploymentContext context, CancellationToken token) in /tmp/KuduLite/Kudu.Core/Deployment/Generator/OryxBuilder.cs:line 136
   at Kudu.Core.Deployment.DeploymentManager.Build(ChangeSet changeSet, ITracer tracer, IDisposable deployStep, IRepository repository, DeploymentInfoBase deploymentInfo, DeploymentAnalytics deploymentAnalytics, Boolean fullBuildByDefault, CancellationToken cancellationToken) in /tmp/KuduLite/Kudu.Core/Deployment/DeploymentManager.cs:line 771
   at Kudu.Core.Deployment.DeploymentManager.Build(ChangeSet changeSet, ITracer tracer, IDisposable deployStep, IRepository repository, DeploymentInfoBase deploymentInfo, DeploymentAnalytics deploymentAnalytics, Boolean fullBuildByDefault, CancellationToken cancellationToken) in /tmp/KuduLite/Kudu.Core/Deployment/DeploymentManager.cs:line 840
   at Kudu.Core.Deployment.DeploymentManager.DeployAsync(IRepository repository, ChangeSet changeSet, String deployer, Boolean clean, DeploymentInfoBase deploymentInfo, Boolean needFileUpdate, Boolean fullBuildByDefault) in /tmp/KuduLite/Kudu.Core/Deployment/DeploymentManager.cs:line 266" /><!-- duration: 10ms -->
        </step><!-- duration: 13489ms -->
        <step title="Reloading status file with latest updates" date="2025-11-07T15:37:14.059" >
          <step title="WebHooksManager.PublishEventAsync: PostDeployment" date="2025-11-07T15:37:14.100" /><!-- duration: 582ms -->
        </step><!-- duration: 634ms -->
        <step title="Error occurred" date="2025-11-07T15:37:14.731" type="error" text="Error: Couldn&apos;t detect a version for the platform &apos;nodejs&apos; in the repo.
/bin/bash -c &quot;oryx build /tmp/zipdeploy/extracted -o /home/site/wwwroot --platform nodejs --platform-version 20 -p virtualenv_name= --log-file /tmp/build-debug.log  -i /tmp/8de1e137e2b1494 -p compress_node_modules=tar-gz | tee /tmp/oryx-build.log ; exit $PIPESTATUS &quot;" stackTrace="   at Kudu.Core.Infrastructure.Executable.ExecuteInternal(ITracer tracer, Func`2 onWriteOutput, Func`2 onWriteError, CancellationToken token, Encoding encoding, String arguments, Object[] args) in /tmp/KuduLite/Kudu.Core/Infrastructure/Executable.cs:line 239
   at Kudu.Core.Infrastructure.Executable.ExecuteWithProgressWriter(ILogger logger, ITracer tracer, CancellationToken token, String arguments, Object[] args) in /tmp/KuduLite/Kudu.Core/Infrastructure/Executable.cs:line 118
   at Kudu.Core.Deployment.Generator.ExternalCommandBuilder.RunCommand(DeploymentContext context, String command, Boolean ignoreManifest, CancellationToken token, String message) in /tmp/KuduLite/Kudu.Core/Deployment/Generator/ExternalCommandBuilder.cs:line 122
   at Kudu.Core.Deployment.Generator.OryxBuilder.RunBuildCommand(IOryxArguments args, DeploymentContext context, CancellationToken token) in /tmp/KuduLite/Kudu.Core/Deployment/Generator/OryxBuilder.cs:line 295
   at Kudu.Core.Deployment.Generator.OryxBuilder.Build(DeploymentContext context, CancellationToken token) in /tmp/KuduLite/Kudu.Core/Deployment/Generator/OryxBuilder.cs:line 136
   at Kudu.Core.Deployment.DeploymentManager.Build(ChangeSet changeSet, ITracer tracer, IDisposable deployStep, IRepository repository, DeploymentInfoBase deploymentInfo, DeploymentAnalytics deploymentAnalytics, Boolean fullBuildByDefault, CancellationToken cancellationToken) in /tmp/KuduLite/Kudu.Core/Deployment/DeploymentManager.cs:line 771
   at Kudu.Core.Deployment.DeploymentManager.Build(ChangeSet changeSet, ITracer tracer, IDisposable deployStep, IRepository repository, DeploymentInfoBase deploymentInfo, DeploymentAnalytics deploymentAnalytics, Boolean fullBuildByDefault, CancellationToken cancellationToken) in /tmp/KuduLite/Kudu.Core/Deployment/DeploymentManager.cs:line 840
   at Kudu.Core.Deployment.DeploymentManager.DeployAsync(IRepository repository, ChangeSet changeSet, String deployer, Boolean clean, DeploymentInfoBase deploymentInfo, Boolean needFileUpdate, Boolean fullBuildByDefault) in /tmp/KuduLite/Kudu.Core/Deployment/DeploymentManager.cs:line 266" /><!-- duration: 20ms -->
        <step title="Could not find status file to mark the deployment failed" date="2025-11-07T15:37:14.831" /><!-- duration: 10ms -->
      </step><!-- duration: 16136ms -->
      <step title="Error occurred" date="2025-11-07T15:37:14.912" type="error" text="One or more errors occurred. (Deployment failed)" stackTrace="   at System.Threading.Tasks.Task.ThrowIfExceptional(Boolean includeTaskCanceledExceptions)
   at System.Threading.Tasks.Task.Wait(Int32 millisecondsTimeout, CancellationToken cancellationToken)
   at System.Threading.Tasks.Task.Wait()
   at Kudu.Core.Deployment.FetchDeploymentManager.&lt;&gt;c__DisplayClass22_1.&lt;PerformBackgroundDeployment&gt;b__3() in /tmp/KuduLite/Kudu.Core/Deployment/FetchDeploymentManager.cs:line 414
   at Kudu.Contracts.Infrastructure.LockExtensions.TryLockOperation(IOperationLock lockObj, Action operation, String operationName, TimeSpan timeout) in /tmp/KuduLite/Kudu.Contracts/Infrastructure/LockExtensions.cs:line 34
   at Kudu.Contracts.Infrastructure.LockExtensions.LockOperation(IOperationLock lockObj, Action operation, String operationName, TimeSpan timeout) in /tmp/KuduLite/Kudu.Contracts/Infrastructure/LockExtensions.cs:line 46
   at Kudu.Core.Deployment.FetchDeploymentManager.&lt;&gt;c__DisplayClass22_0.&lt;PerformBackgroundDeployment&gt;b__1() in /tmp/KuduLite/Kudu.Core/Deployment/FetchDeploymentManager.cs:line 393" innerText="Deployment failed" innerStackTrace="   at Kudu.Core.Deployment.DeploymentManager.DeployAsync(IRepository repository, ChangeSet changeSet, String deployer, Boolean clean, DeploymentInfoBase deploymentInfo, Boolean needFileUpdate, Boolean fullBuildByDefault) in /tmp/KuduLite/Kudu.Core/Deployment/DeploymentManager.cs:line 307
   at Kudu.Core.Deployment.FetchDeploymentManager.PerformDeployment(DeploymentInfoBase deploymentInfo, IDisposable tempDeployment, ChangeSet tempChangeSet, DeployStatusApiResult updateStatusObj) in /tmp/KuduLite/Kudu.Core/Deployment/FetchDeploymentManager.cs:line 230" /><!-- duration: 10ms -->
    </step><!-- duration: 16241ms -->
