<step title="Incoming Request" date="2025-11-07T15:37:01.567" instance="eff899" url="/api/deployments/latest?deployer=OneDeploy&amp;time=2025-11-07_15-36-53Z" method="GET" type="request" pid="837,1,36" Host="portlink-backend.scm.azurewebsites.net" User-Agent="GITHUBACTIONS_DeployWebAppToAzure_b7de2393ae055a4cc5d5f204cf2bc8ba841da971e7a216248eeb658904592ec1" Authorization="Bea..." Content-Type="application/json; charset=utf-8" Cookie="ARRAffinity=eff89978f5cf6bb0100ab5f0395c7a27d61f638450e8da07309cd08333b23017;Path=/;HttpOnly;Secure;Domain=portlink-backend.scm.azurewebsites.net; ARRAffinitySameSite=eff89978f5cf6bb0100ab5f0395c7a27d61f638450e8da07309cd08333b23017;Path=/;HttpOnly;SameSite=None;Secure;Domain=portlink-backend.scm.azurewebsites.net" Content-Length="0" X-ARR-LOG-ID="e36e6977-5d77-4eda-a59f-d2d8ff064b12" CLIENT-IP="20.168.4.3:7201" X-SITE-DEPLOYMENT-ID="portlink-backend" WAS-DEFAULT-HOSTNAME="portlink-backend.scm.azurewebsites.net" X-Forwarded-Proto="https" X-AppService-Proto="https" X-Forwarded-TlsVersion="1.3" X-WAWS-Unencoded-URL="/api/deployments/latest?deployer=OneDeploy&amp;time=2025-11-07_15-36-53Z" X-Client-IP="20.168.4.3" X-Client-Port="7201" >
  <step title="Cleanup Xml Logs" date="2025-11-07T15:37:01.573" >
    <step title="Cleanup Infos" date="2025-11-07T15:37:01.602" totalFiles="260" totalCleanup="100" /><!-- duration: 32ms -->
  </step><!-- duration: 109ms -->
  <step title="DeploymentService.GetResult" date="2025-11-07T15:37:01.803" >
    <step title="DeploymentService.GetLatestDeployment" date="2025-11-07T15:37:01.816" >
      <step title="DeploymentManager.GetResults" date="2025-11-07T15:37:01.854" /><!-- duration: 725ms -->
    </step><!-- duration: 814ms -->
  </step><!-- duration: 866ms -->
  <step title="Outgoing response" date="2025-11-07T15:37:02.879" type="response" statusCode="202" statusText="Accepted" /><!-- duration: 33ms -->
</step><!-- duration: 1365ms -->
