<step title="Incoming Request" date="2025-11-07T15:58:31.687" instance="eff899" url="/api/zipdeploy?isAsync=true" method="POST" type="request" pid="837,1,35" Accept="*/*" Host="portlink-backend.scm.azurewebsites.net" User-Agent="AZURECLI/2.79.0 (MSI)" Accept-Encoding="gzip, deflate" Authorization="Bea..." Cache-Control="no-cache" Content-Type="application/octet-stream" Content-Length="376001" x-ms-client-request-id="964eb802-bbf2-11f0-8e53-5ce9318c16a9" x-ms-artifact-checksum="98fae6457024eceafc3a8b168048c5a194d3bbe7b8e0fa77db9c0de41cc78f95" X-ARR-LOG-ID="964eb802-bbf2-11f0-8e53-5ce9318c16a9" CLIENT-IP="104.28.205.71:54700" X-SITE-DEPLOYMENT-ID="portlink-backend" WAS-DEFAULT-HOSTNAME="portlink-backend.scm.azurewebsites.net" X-Forwarded-Proto="https" X-AppService-Proto="https" X-Forwarded-TlsVersion="1.3" X-WAWS-Unencoded-URL="/api/zipdeploy?isAsync=true" X-Client-IP="104.28.205.71" X-Client-Port="54700" >
  <step title="Cleanup Xml Logs" date="2025-11-07T15:58:31.696" >
    <step title="Cleanup Infos" date="2025-11-07T15:58:31.712" totalFiles="264" totalCleanup="104" /><!-- duration: 10ms -->
  </step><!-- duration: 30ms -->
  <step title="ZipPushDeploy" date="2025-11-07T15:58:32.063" >
    <step title="ZipDeploy. Extract zip. Remote build." date="2025-11-07T15:58:32.079" /><!-- duration: 3ms -->
    <step title="Starting PushDeployAsync" date="2025-11-07T15:58:32.089" /><!-- duration: 2ms -->
    <step title="Writing artifact to /tmp/zipdeploy/4f41c7c5-8e35-46f3-86d4-498b7b3025b6.zip" date="2025-11-07T15:58:32.121" >
      <step title="Writing multipart request body to /tmp/zipdeploy/4f41c7c5-8e35-46f3-86d4-498b7b3025b6.zip" date="2025-11-07T15:58:32.125" /><!-- duration: 3ms -->
    </step><!-- duration: 244ms -->
    <step title="Start deployment in the background" date="2025-11-07T15:58:32.376" >
      <step title="Acquiring Deployment Lock" date="2025-11-07T15:58:32.442" /><!-- duration: 2ms -->
      <step title="Acquired Deployment Lock" date="2025-11-07T15:58:32.564" /><!-- duration: 3ms -->
    </step><!-- duration: 304ms -->
  </step><!-- duration: 638ms -->
  <step title="Outgoing response" date="2025-11-07T15:58:32.719" type="response" statusCode="202" statusText="Accepted" /><!-- duration: 3ms -->
</step><!-- duration: 1038ms -->
