<step title="Incoming Request" date="2025-11-07T16:07:55.397" instance="eff899" url="/api/deployments/latest" method="GET" type="request" pid="833,1,15" Accept="*/*" Host="portlink-backend.scm.azurewebsites.net" User-Agent="AZURECLI/2.79.0 (MSI)" Accept-Encoding="gzip, deflate" Authorization="Bea..." x-ms-client-request-id="e45410f9-bbf3-11f0-8597-5ce9318c16a9" X-ARR-LOG-ID="e45410f9-bbf3-11f0-8597-5ce9318c16a9" CLIENT-IP="104.28.205.71:48786" X-SITE-DEPLOYMENT-ID="portlink-backend" WAS-DEFAULT-HOSTNAME="portlink-backend.scm.azurewebsites.net" X-Forwarded-Proto="https" X-AppService-Proto="https" X-Forwarded-TlsVersion="1.3" X-WAWS-Unencoded-URL="/api/deployments/latest" X-Client-IP="104.28.205.71" X-Client-Port="48786" >
  <step title="Cleanup Xml Logs" date="2025-11-07T16:07:55.399" >
    <step title="Cleanup Infos" date="2025-11-07T16:07:55.416" totalFiles="275" totalCleanup="115" /><!-- duration: 3ms -->
  </step><!-- duration: 23ms -->
  <step title="DeploymentService.GetResult" date="2025-11-07T16:07:55.487" >
    <step title="DeploymentService.GetLatestDeployment" date="2025-11-07T16:07:55.490" >
      <step title="DeploymentManager.GetResults" date="2025-11-07T16:07:55.496" /><!-- duration: 256ms -->
    </step><!-- duration: 267ms -->
  </step><!-- duration: 277ms -->
  <step title="Outgoing response" date="2025-11-07T16:07:55.826" type="response" statusCode="202" statusText="Accepted" /><!-- duration: 2ms -->
</step><!-- duration: 433ms -->
