<step title="BackgroundTrace" date="2025-11-07T11:22:23.056" instance="eff899" url="/api/zipdeploy" method="POST" >
  <step title="Creating temporary deployment - FetchDeploymentManager" date="2025-11-07T11:22:23.305" /><!-- duration: 3ms -->
  <step title="Creating temporary deployment" date="2025-11-07T11:22:23.311" /><!-- duration: 133ms -->
  <step title="Performing fetch based deployment" date="2025-11-07T11:22:23.612" >
    <step title="Cleaning up temp folders from previous zip deployments and extracting pushed zip file /tmp/zipdeploy/175fe40f-8876-4e3c-bb71-e0382e16b463.zip (0.19 MB) to /tmp/zipdeploy/extracted" date="2025-11-07T11:22:24.856" >
      <step title="ChmodRecursive Process exited with total time taken in ms: 129" date="2025-11-07T11:22:25.961" /><!-- duration: 29ms -->
    </step><!-- duration: 1146ms -->
    <step title="Deployment timer started" date="2025-11-07T11:22:28.054" >
      <step title="DeploymentManager.Deploy(id:b7b095e5-d4aa-4fa4-a5dd-058375caf9b0)" date="2025-11-07T11:22:28.063" >
        <step title="Collecting changeset information" date="2025-11-07T11:22:28.121" /><!-- duration: 212ms -->
        <step title="Updating submodules" date="2025-11-07T11:22:28.336" /><!-- duration: 1162ms -->
        <step title="Determining deployment builder" date="2025-11-07T11:22:29.762" >
          <step title="Builder is OryxBuilder" date="2025-11-07T11:22:29.794" /><!-- duration: 10ms -->
        </step><!-- duration: 45ms -->
        <step title="PreDeployment: context.CleanOutputPath False" date="2025-11-07T11:22:29.862" >
          <step title="PreDeployment: context.OutputPath /home/site/wwwroot" date="2025-11-07T11:22:30.011" >
            <step title="Building" date="2025-11-07T11:22:30.202" >
              <step title="Executing external process" date="2025-11-07T11:22:30.613" type="process" path="bash" arguments="-c &quot;oryx build /tmp/zipdeploy/extracted -o /home/site/wwwroot --platform nodejs --platform-version 20 -p virtualenv_name= --log-file /tmp/build-debug.log  -i /tmp/8de1deff03d640e -p compress_node_modules=tar-gz | tee /tmp/oryx-build.log ; exit $PIPESTATUS &quot;" >
                <step title="Process dump" date="2025-11-07T11:23:49.211" exitCode="127" type="processOutput" /><!-- duration: 29ms -->
              </step><!-- duration: 78632ms -->
              <step title="Error occurred" date="2025-11-07T11:23:49.321" type="error" text="npm notice
npm notice New major version of npm available! 10.8.2 -&gt; 11.6.2
npm notice Changelog: https://github.com/npm/cli/releases/tag/v11.6.2
npm notice To update run: npm install -g npm@11.6.2
npm notice
sh: 1: nest: not found
/bin/bash -c &quot;oryx build /tmp/zipdeploy/extracted -o /home/site/wwwroot --platform nodejs --platform-version 20 -p virtualenv_name= --log-file /tmp/build-debug.log  -i /tmp/8de1deff03d640e -p compress_node_modules=tar-gz | tee /tmp/oryx-build.log ; exit $PIPESTATUS &quot;" stackTrace="   at Kudu.Core.Infrastructure.Executable.ExecuteInternal(ITracer tracer, Func`2 onWriteOutput, Func`2 onWriteError, CancellationToken token, Encoding encoding, String arguments, Object[] args) in /tmp/KuduLite/Kudu.Core/Infrastructure/Executable.cs:line 239
   at Kudu.Core.Infrastructure.Executable.ExecuteWithProgressWriter(ILogger logger, ITracer tracer, CancellationToken token, String arguments, Object[] args) in /tmp/KuduLite/Kudu.Core/Infrastructure/Executable.cs:line 118
   at Kudu.Core.Deployment.Generator.ExternalCommandBuilder.RunCommand(DeploymentContext context, String command, Boolean ignoreManifest, CancellationToken token, String message) in /tmp/KuduLite/Kudu.Core/Deployment/Generator/ExternalCommandBuilder.cs:line 122" /><!-- duration: 2ms -->
              <step title="Error occurred" date="2025-11-07T11:23:49.350" type="error" text="npm notice
npm notice New major version of npm available! 10.8.2 -&gt; 11.6.2
npm notice Changelog: https://github.com/npm/cli/releases/tag/v11.6.2
npm notice To update run: npm install -g npm@11.6.2
npm notice
sh: 1: nest: not found
/bin/bash -c &quot;oryx build /tmp/zipdeploy/extracted -o /home/site/wwwroot --platform nodejs --platform-version 20 -p virtualenv_name= --log-file /tmp/build-debug.log  -i /tmp/8de1deff03d640e -p compress_node_modules=tar-gz | tee /tmp/oryx-build.log ; exit $PIPESTATUS &quot;" stackTrace="   at Kudu.Core.Infrastructure.Executable.ExecuteInternal(ITracer tracer, Func`2 onWriteOutput, Func`2 onWriteError, CancellationToken token, Encoding encoding, String arguments, Object[] args) in /tmp/KuduLite/Kudu.Core/Infrastructure/Executable.cs:line 239
   at Kudu.Core.Infrastructure.Executable.ExecuteWithProgressWriter(ILogger logger, ITracer tracer, CancellationToken token, String arguments, Object[] args) in /tmp/KuduLite/Kudu.Core/Infrastructure/Executable.cs:line 118
   at Kudu.Core.Deployment.Generator.ExternalCommandBuilder.RunCommand(DeploymentContext context, String command, Boolean ignoreManifest, CancellationToken token, String message) in /tmp/KuduLite/Kudu.Core/Deployment/Generator/ExternalCommandBuilder.cs:line 122
   at Kudu.Core.Deployment.Generator.OryxBuilder.RunBuildCommand(IOryxArguments args, DeploymentContext context, CancellationToken token) in /tmp/KuduLite/Kudu.Core/Deployment/Generator/OryxBuilder.cs:line 295
   at Kudu.Core.Deployment.Generator.OryxBuilder.Build(DeploymentContext context, CancellationToken token) in /tmp/KuduLite/Kudu.Core/Deployment/Generator/OryxBuilder.cs:line 136
   at Kudu.Core.Deployment.DeploymentManager.Build(ChangeSet changeSet, ITracer tracer, IDisposable deployStep, IRepository repository, DeploymentInfoBase deploymentInfo, DeploymentAnalytics deploymentAnalytics, Boolean fullBuildByDefault, CancellationToken cancellationToken) in /tmp/KuduLite/Kudu.Core/Deployment/DeploymentManager.cs:line 771" /><!-- duration: 6ms -->
              <step title="Using GenericDeploymentLogParser" date="2025-11-07T11:23:49.709" /><!-- duration: 13ms -->
            </step><!-- duration: 81038ms -->
          </step><!-- duration: 81233ms -->
          <step title="Error occurred" date="2025-11-07T11:23:51.246" type="error" text="npm notice
npm notice New major version of npm available! 10.8.2 -&gt; 11.6.2
npm notice Changelog: https://github.com/npm/cli/releases/tag/v11.6.2
npm notice To update run: npm install -g npm@11.6.2
npm notice
sh: 1: nest: not found
/bin/bash -c &quot;oryx build /tmp/zipdeploy/extracted -o /home/site/wwwroot --platform nodejs --platform-version 20 -p virtualenv_name= --log-file /tmp/build-debug.log  -i /tmp/8de1deff03d640e -p compress_node_modules=tar-gz | tee /tmp/oryx-build.log ; exit $PIPESTATUS &quot;" stackTrace="   at Kudu.Core.Infrastructure.Executable.ExecuteInternal(ITracer tracer, Func`2 onWriteOutput, Func`2 onWriteError, CancellationToken token, Encoding encoding, String arguments, Object[] args) in /tmp/KuduLite/Kudu.Core/Infrastructure/Executable.cs:line 239
   at Kudu.Core.Infrastructure.Executable.ExecuteWithProgressWriter(ILogger logger, ITracer tracer, CancellationToken token, String arguments, Object[] args) in /tmp/KuduLite/Kudu.Core/Infrastructure/Executable.cs:line 118
   at Kudu.Core.Deployment.Generator.ExternalCommandBuilder.RunCommand(DeploymentContext context, String command, Boolean ignoreManifest, CancellationToken token, String message) in /tmp/KuduLite/Kudu.Core/Deployment/Generator/ExternalCommandBuilder.cs:line 122
   at Kudu.Core.Deployment.Generator.OryxBuilder.RunBuildCommand(IOryxArguments args, DeploymentContext context, CancellationToken token) in /tmp/KuduLite/Kudu.Core/Deployment/Generator/OryxBuilder.cs:line 295
   at Kudu.Core.Deployment.Generator.OryxBuilder.Build(DeploymentContext context, CancellationToken token) in /tmp/KuduLite/Kudu.Core/Deployment/Generator/OryxBuilder.cs:line 136
   at Kudu.Core.Deployment.DeploymentManager.Build(ChangeSet changeSet, ITracer tracer, IDisposable deployStep, IRepository repository, DeploymentInfoBase deploymentInfo, DeploymentAnalytics deploymentAnalytics, Boolean fullBuildByDefault, CancellationToken cancellationToken) in /tmp/KuduLite/Kudu.Core/Deployment/DeploymentManager.cs:line 771
   at Kudu.Core.Deployment.DeploymentManager.Build(ChangeSet changeSet, ITracer tracer, IDisposable deployStep, IRepository repository, DeploymentInfoBase deploymentInfo, DeploymentAnalytics deploymentAnalytics, Boolean fullBuildByDefault, CancellationToken cancellationToken) in /tmp/KuduLite/Kudu.Core/Deployment/DeploymentManager.cs:line 840" /><!-- duration: 2ms -->
          <step title="Cleaning up temp files" date="2025-11-07T11:23:51.312" /><!-- duration: 2506ms -->
          <step title="Cleaning up temp files" date="2025-11-07T11:23:53.839" /><!-- duration: 522ms -->
          <step title="Error occurred" date="2025-11-07T11:23:54.404" type="error" text="npm notice
npm notice New major version of npm available! 10.8.2 -&gt; 11.6.2
npm notice Changelog: https://github.com/npm/cli/releases/tag/v11.6.2
npm notice To update run: npm install -g npm@11.6.2
npm notice
sh: 1: nest: not found
/bin/bash -c &quot;oryx build /tmp/zipdeploy/extracted -o /home/site/wwwroot --platform nodejs --platform-version 20 -p virtualenv_name= --log-file /tmp/build-debug.log  -i /tmp/8de1deff03d640e -p compress_node_modules=tar-gz | tee /tmp/oryx-build.log ; exit $PIPESTATUS &quot;" stackTrace="   at Kudu.Core.Infrastructure.Executable.ExecuteInternal(ITracer tracer, Func`2 onWriteOutput, Func`2 onWriteError, CancellationToken token, Encoding encoding, String arguments, Object[] args) in /tmp/KuduLite/Kudu.Core/Infrastructure/Executable.cs:line 239
   at Kudu.Core.Infrastructure.Executable.ExecuteWithProgressWriter(ILogger logger, ITracer tracer, CancellationToken token, String arguments, Object[] args) in /tmp/KuduLite/Kudu.Core/Infrastructure/Executable.cs:line 118
   at Kudu.Core.Deployment.Generator.ExternalCommandBuilder.RunCommand(DeploymentContext context, String command, Boolean ignoreManifest, CancellationToken token, String message) in /tmp/KuduLite/Kudu.Core/Deployment/Generator/ExternalCommandBuilder.cs:line 122
   at Kudu.Core.Deployment.Generator.OryxBuilder.RunBuildCommand(IOryxArguments args, DeploymentContext context, CancellationToken token) in /tmp/KuduLite/Kudu.Core/Deployment/Generator/OryxBuilder.cs:line 295
   at Kudu.Core.Deployment.Generator.OryxBuilder.Build(DeploymentContext context, CancellationToken token) in /tmp/KuduLite/Kudu.Core/Deployment/Generator/OryxBuilder.cs:line 136
   at Kudu.Core.Deployment.DeploymentManager.Build(ChangeSet changeSet, ITracer tracer, IDisposable deployStep, IRepository repository, DeploymentInfoBase deploymentInfo, DeploymentAnalytics deploymentAnalytics, Boolean fullBuildByDefault, CancellationToken cancellationToken) in /tmp/KuduLite/Kudu.Core/Deployment/DeploymentManager.cs:line 771
   at Kudu.Core.Deployment.DeploymentManager.Build(ChangeSet changeSet, ITracer tracer, IDisposable deployStep, IRepository repository, DeploymentInfoBase deploymentInfo, DeploymentAnalytics deploymentAnalytics, Boolean fullBuildByDefault, CancellationToken cancellationToken) in /tmp/KuduLite/Kudu.Core/Deployment/DeploymentManager.cs:line 840
   at Kudu.Core.Deployment.DeploymentManager.DeployAsync(IRepository repository, ChangeSet changeSet, String deployer, Boolean clean, DeploymentInfoBase deploymentInfo, Boolean needFileUpdate, Boolean fullBuildByDefault) in /tmp/KuduLite/Kudu.Core/Deployment/DeploymentManager.cs:line 266" /><!-- duration: 3ms -->
        </step><!-- duration: 84550ms -->
        <step title="Reloading status file with latest updates" date="2025-11-07T11:23:54.451" >
          <step title="WebHooksManager.PublishEventAsync: PostDeployment" date="2025-11-07T11:23:54.458" /><!-- duration: 111ms -->
        </step><!-- duration: 121ms -->
        <step title="Error occurred" date="2025-11-07T11:23:54.590" type="error" text="npm notice
npm notice New major version of npm available! 10.8.2 -&gt; 11.6.2
npm notice Changelog: https://github.com/npm/cli/releases/tag/v11.6.2
npm notice To update run: npm install -g npm@11.6.2
npm notice
sh: 1: nest: not found
/bin/bash -c &quot;oryx build /tmp/zipdeploy/extracted -o /home/site/wwwroot --platform nodejs --platform-version 20 -p virtualenv_name= --log-file /tmp/build-debug.log  -i /tmp/8de1deff03d640e -p compress_node_modules=tar-gz | tee /tmp/oryx-build.log ; exit $PIPESTATUS &quot;" stackTrace="   at Kudu.Core.Infrastructure.Executable.ExecuteInternal(ITracer tracer, Func`2 onWriteOutput, Func`2 onWriteError, CancellationToken token, Encoding encoding, String arguments, Object[] args) in /tmp/KuduLite/Kudu.Core/Infrastructure/Executable.cs:line 239
   at Kudu.Core.Infrastructure.Executable.ExecuteWithProgressWriter(ILogger logger, ITracer tracer, CancellationToken token, String arguments, Object[] args) in /tmp/KuduLite/Kudu.Core/Infrastructure/Executable.cs:line 118
   at Kudu.Core.Deployment.Generator.ExternalCommandBuilder.RunCommand(DeploymentContext context, String command, Boolean ignoreManifest, CancellationToken token, String message) in /tmp/KuduLite/Kudu.Core/Deployment/Generator/ExternalCommandBuilder.cs:line 122
   at Kudu.Core.Deployment.Generator.OryxBuilder.RunBuildCommand(IOryxArguments args, DeploymentContext context, CancellationToken token) in /tmp/KuduLite/Kudu.Core/Deployment/Generator/OryxBuilder.cs:line 295
   at Kudu.Core.Deployment.Generator.OryxBuilder.Build(DeploymentContext context, CancellationToken token) in /tmp/KuduLite/Kudu.Core/Deployment/Generator/OryxBuilder.cs:line 136
   at Kudu.Core.Deployment.DeploymentManager.Build(ChangeSet changeSet, ITracer tracer, IDisposable deployStep, IRepository repository, DeploymentInfoBase deploymentInfo, DeploymentAnalytics deploymentAnalytics, Boolean fullBuildByDefault, CancellationToken cancellationToken) in /tmp/KuduLite/Kudu.Core/Deployment/DeploymentManager.cs:line 771
   at Kudu.Core.Deployment.DeploymentManager.Build(ChangeSet changeSet, ITracer tracer, IDisposable deployStep, IRepository repository, DeploymentInfoBase deploymentInfo, DeploymentAnalytics deploymentAnalytics, Boolean fullBuildByDefault, CancellationToken cancellationToken) in /tmp/KuduLite/Kudu.Core/Deployment/DeploymentManager.cs:line 840
   at Kudu.Core.Deployment.DeploymentManager.DeployAsync(IRepository repository, ChangeSet changeSet, String deployer, Boolean clean, DeploymentInfoBase deploymentInfo, Boolean needFileUpdate, Boolean fullBuildByDefault) in /tmp/KuduLite/Kudu.Core/Deployment/DeploymentManager.cs:line 266" /><!-- duration: 5ms -->
        <step title="Marking deployment as failed and cleaning up the temp deployment" date="2025-11-07T11:23:54.641" /><!-- duration: 2ms -->
      </step><!-- duration: 86707ms -->
      <step title="Error occurred" date="2025-11-07T11:23:54.810" type="error" text="One or more errors occurred. (Deployment failed)" stackTrace="   at System.Threading.Tasks.Task.ThrowIfExceptional(Boolean includeTaskCanceledExceptions)
   at System.Threading.Tasks.Task.Wait(Int32 millisecondsTimeout, CancellationToken cancellationToken)
   at System.Threading.Tasks.Task.Wait()
   at Kudu.Core.Deployment.FetchDeploymentManager.&lt;&gt;c__DisplayClass22_1.&lt;PerformBackgroundDeployment&gt;b__3() in /tmp/KuduLite/Kudu.Core/Deployment/FetchDeploymentManager.cs:line 414
   at Kudu.Contracts.Infrastructure.LockExtensions.TryLockOperation(IOperationLock lockObj, Action operation, String operationName, TimeSpan timeout) in /tmp/KuduLite/Kudu.Contracts/Infrastructure/LockExtensions.cs:line 34
   at Kudu.Contracts.Infrastructure.LockExtensions.LockOperation(IOperationLock lockObj, Action operation, String operationName, TimeSpan timeout) in /tmp/KuduLite/Kudu.Contracts/Infrastructure/LockExtensions.cs:line 46
   at Kudu.Core.Deployment.FetchDeploymentManager.&lt;&gt;c__DisplayClass22_0.&lt;PerformBackgroundDeployment&gt;b__1() in /tmp/KuduLite/Kudu.Core/Deployment/FetchDeploymentManager.cs:line 393" innerText="Deployment failed" innerStackTrace="   at Kudu.Core.Deployment.DeploymentManager.DeployAsync(IRepository repository, ChangeSet changeSet, String deployer, Boolean clean, DeploymentInfoBase deploymentInfo, Boolean needFileUpdate, Boolean fullBuildByDefault) in /tmp/KuduLite/Kudu.Core/Deployment/DeploymentManager.cs:line 307
   at Kudu.Core.Deployment.FetchDeploymentManager.PerformDeployment(DeploymentInfoBase deploymentInfo, IDisposable tempDeployment, ChangeSet tempChangeSet, DeployStatusApiResult updateStatusObj) in /tmp/KuduLite/Kudu.Core/Deployment/FetchDeploymentManager.cs:line 230" /><!-- duration: 6ms -->
    </step><!-- duration: 86766ms -->
