<step title="Incoming Request" date="2025-11-07T15:58:40.141" instance="eff899" url="/api/deployments/latest" method="GET" type="request" pid="837,1,37" Accept="*/*" Host="portlink-backend.scm.azurewebsites.net" User-Agent="AZURECLI/2.79.0 (MSI)" Accept-Encoding="gzip, deflate" Authorization="Bea..." x-ms-client-request-id="964eb802-bbf2-11f0-8e53-5ce9318c16a9" X-ARR-LOG-ID="964eb802-bbf2-11f0-8e53-5ce9318c16a9" CLIENT-IP="104.28.205.71:54374" X-SITE-DEPLOYMENT-ID="portlink-backend" WAS-DEFAULT-HOSTNAME="portlink-backend.scm.azurewebsites.net" X-Forwarded-Proto="https" X-AppService-Proto="https" X-Forwarded-TlsVersion="1.3" X-WAWS-Unencoded-URL="/api/deployments/latest" X-Client-IP="104.28.205.71" X-Client-Port="54374" >
  <step title="Cleanup Xml Logs" date="2025-11-07T15:58:40.152" >
    <step title="Cleanup Infos" date="2025-11-07T15:58:40.193" totalFiles="266" totalCleanup="106" /><!-- duration: 29ms -->
  </step><!-- duration: 90ms -->
  <step title="DeploymentService.GetResult" date="2025-11-07T15:58:40.346" >
    <step title="DeploymentService.GetLatestDeployment" date="2025-11-07T15:58:40.355" >
      <step title="DeploymentManager.GetResults" date="2025-11-07T15:58:40.375" /><!-- duration: 566ms -->
    </step><!-- duration: 596ms -->
  </step><!-- duration: 614ms -->
  <step title="Outgoing response" date="2025-11-07T15:58:41.031" type="response" statusCode="202" statusText="Accepted" /><!-- duration: 9ms -->
</step><!-- duration: 901ms -->
