<step title="BackgroundTrace" date="2025-11-07T15:58:32.382" instance="eff899" url="/api/zipdeploy" method="POST" >
  <step title="Creating temporary deployment - FetchDeploymentManager" date="2025-11-07T15:58:32.570" /><!-- duration: 2ms -->
  <step title="Creating temporary deployment" date="2025-11-07T15:58:32.582" /><!-- duration: 95ms -->
  <step title="Performing fetch based deployment" date="2025-11-07T15:58:32.759" >
    <step title="Cleaning up temp folders from previous zip deployments and extracting pushed zip file /tmp/zipdeploy/4f41c7c5-8e35-46f3-86d4-498b7b3025b6.zip (0.36 MB) to /tmp/zipdeploy/extracted" date="2025-11-07T15:58:33.996" >
      <step title="ChmodRecursive Process exited with total time taken in ms: 119" date="2025-11-07T15:58:34.473" /><!-- duration: 9ms -->
    </step><!-- duration: 497ms -->
    <step title="Deployment timer started" date="2025-11-07T15:58:36.507" >
      <step title="DeploymentManager.Deploy(id:b40ecff7-a6f1-4988-9ca7-c26dc065f680)" date="2025-11-07T15:58:36.515" >
        <step title="Collecting changeset information" date="2025-11-07T15:58:36.565" /><!-- duration: 129ms -->
        <step title="Updating submodules" date="2025-11-07T15:58:36.718" /><!-- duration: 1196ms -->
        <step title="Determining deployment builder" date="2025-11-07T15:58:38.163" >
          <step title="Builder is OryxBuilder" date="2025-11-07T15:58:38.192" /><!-- duration: 2ms -->
        </step><!-- duration: 38ms -->
        <step title="PreDeployment: context.CleanOutputPath False" date="2025-11-07T15:58:38.260" >
          <step title="PreDeployment: context.OutputPath /home/site/wwwroot" date="2025-11-07T15:58:38.398" >
            <step title="Building" date="2025-11-07T15:58:38.570" >
              <step title="Executing external process" date="2025-11-07T15:58:38.940" type="process" path="bash" arguments="-c &quot;oryx build /tmp/zipdeploy/extracted -o /home/site/wwwroot --platform nodejs --platform-version 20 -p virtualenv_name= --log-file /tmp/build-debug.log  -i /tmp/8de1e1683c54127 -p compress_node_modules=tar-gz | tee /tmp/oryx-build.log ; exit $PIPESTATUS &quot;" >
                <step title="Process dump" date="2025-11-07T15:59:42.400" exitCode="127" type="processOutput" /><!-- duration: 3ms -->
              </step><!-- duration: 63469ms -->
              <step title="Error occurred" date="2025-11-07T15:59:42.460" type="error" text="sh: 1: nest: not found
/bin/bash -c &quot;oryx build /tmp/zipdeploy/extracted -o /home/site/wwwroot --platform nodejs --platform-version 20 -p virtualenv_name= --log-file /tmp/build-debug.log  -i /tmp/8de1e1683c54127 -p compress_node_modules=tar-gz | tee /tmp/oryx-build.log ; exit $PIPESTATUS &quot;" stackTrace="   at Kudu.Core.Infrastructure.Executable.ExecuteInternal(ITracer tracer, Func`2 onWriteOutput, Func`2 onWriteError, CancellationToken token, Encoding encoding, String arguments, Object[] args) in /tmp/KuduLite/Kudu.Core/Infrastructure/Executable.cs:line 239
   at Kudu.Core.Infrastructure.Executable.ExecuteWithProgressWriter(ILogger logger, ITracer tracer, CancellationToken token, String arguments, Object[] args) in /tmp/KuduLite/Kudu.Core/Infrastructure/Executable.cs:line 118
   at Kudu.Core.Deployment.Generator.ExternalCommandBuilder.RunCommand(DeploymentContext context, String command, Boolean ignoreManifest, CancellationToken token, String message) in /tmp/KuduLite/Kudu.Core/Deployment/Generator/ExternalCommandBuilder.cs:line 122" /><!-- duration: 8ms -->
              <step title="Error occurred" date="2025-11-07T15:59:42.499" type="error" text="sh: 1: nest: not found
/bin/bash -c &quot;oryx build /tmp/zipdeploy/extracted -o /home/site/wwwroot --platform nodejs --platform-version 20 -p virtualenv_name= --log-file /tmp/build-debug.log  -i /tmp/8de1e1683c54127 -p compress_node_modules=tar-gz | tee /tmp/oryx-build.log ; exit $PIPESTATUS &quot;" stackTrace="   at Kudu.Core.Infrastructure.Executable.ExecuteInternal(ITracer tracer, Func`2 onWriteOutput, Func`2 onWriteError, CancellationToken token, Encoding encoding, String arguments, Object[] args) in /tmp/KuduLite/Kudu.Core/Infrastructure/Executable.cs:line 239
   at Kudu.Core.Infrastructure.Executable.ExecuteWithProgressWriter(ILogger logger, ITracer tracer, CancellationToken token, String arguments, Object[] args) in /tmp/KuduLite/Kudu.Core/Infrastructure/Executable.cs:line 118
   at Kudu.Core.Deployment.Generator.ExternalCommandBuilder.RunCommand(DeploymentContext context, String command, Boolean ignoreManifest, CancellationToken token, String message) in /tmp/KuduLite/Kudu.Core/Deployment/Generator/ExternalCommandBuilder.cs:line 122
   at Kudu.Core.Deployment.Generator.OryxBuilder.RunBuildCommand(IOryxArguments args, DeploymentContext context, CancellationToken token) in /tmp/KuduLite/Kudu.Core/Deployment/Generator/OryxBuilder.cs:line 295
   at Kudu.Core.Deployment.Generator.OryxBuilder.Build(DeploymentContext context, CancellationToken token) in /tmp/KuduLite/Kudu.Core/Deployment/Generator/OryxBuilder.cs:line 136
   at Kudu.Core.Deployment.DeploymentManager.Build(ChangeSet changeSet, ITracer tracer, IDisposable deployStep, IRepository repository, DeploymentInfoBase deploymentInfo, DeploymentAnalytics deploymentAnalytics, Boolean fullBuildByDefault, CancellationToken cancellationToken) in /tmp/KuduLite/Kudu.Core/Deployment/DeploymentManager.cs:line 771" /><!-- duration: 10ms -->
              <step title="Using GenericDeploymentLogParser" date="2025-11-07T15:59:42.765" /><!-- duration: 2ms -->
              <step title="Purge deployment items" date="2025-11-07T15:59:44.009" >
                <step title="Remove 98c14e9f-, Failed, received at 11/07/2025 15:36:58" date="2025-11-07T15:59:44.058" /><!-- duration: 1ms -->
              </step><!-- duration: 53ms -->
            </step><!-- duration: 65502ms -->
          </step><!-- duration: 65676ms -->
          <step title="Error occurred" date="2025-11-07T15:59:44.076" type="error" text="sh: 1: nest: not found
/bin/bash -c &quot;oryx build /tmp/zipdeploy/extracted -o /home/site/wwwroot --platform nodejs --platform-version 20 -p virtualenv_name= --log-file /tmp/build-debug.log  -i /tmp/8de1e1683c54127 -p compress_node_modules=tar-gz | tee /tmp/oryx-build.log ; exit $PIPESTATUS &quot;" stackTrace="   at Kudu.Core.Infrastructure.Executable.ExecuteInternal(ITracer tracer, Func`2 onWriteOutput, Func`2 onWriteError, CancellationToken token, Encoding encoding, String arguments, Object[] args) in /tmp/KuduLite/Kudu.Core/Infrastructure/Executable.cs:line 239
   at Kudu.Core.Infrastructure.Executable.ExecuteWithProgressWriter(ILogger logger, ITracer tracer, CancellationToken token, String arguments, Object[] args) in /tmp/KuduLite/Kudu.Core/Infrastructure/Executable.cs:line 118
   at Kudu.Core.Deployment.Generator.ExternalCommandBuilder.RunCommand(DeploymentContext context, String command, Boolean ignoreManifest, CancellationToken token, String message) in /tmp/KuduLite/Kudu.Core/Deployment/Generator/ExternalCommandBuilder.cs:line 122
   at Kudu.Core.Deployment.Generator.OryxBuilder.RunBuildCommand(IOryxArguments args, DeploymentContext context, CancellationToken token) in /tmp/KuduLite/Kudu.Core/Deployment/Generator/OryxBuilder.cs:line 295
   at Kudu.Core.Deployment.Generator.OryxBuilder.Build(DeploymentContext context, CancellationToken token) in /tmp/KuduLite/Kudu.Core/Deployment/Generator/OryxBuilder.cs:line 136
   at Kudu.Core.Deployment.DeploymentManager.Build(ChangeSet changeSet, ITracer tracer, IDisposable deployStep, IRepository repository, DeploymentInfoBase deploymentInfo, DeploymentAnalytics deploymentAnalytics, Boolean fullBuildByDefault, CancellationToken cancellationToken) in /tmp/KuduLite/Kudu.Core/Deployment/DeploymentManager.cs:line 771
   at Kudu.Core.Deployment.DeploymentManager.Build(ChangeSet changeSet, ITracer tracer, IDisposable deployStep, IRepository repository, DeploymentInfoBase deploymentInfo, DeploymentAnalytics deploymentAnalytics, Boolean fullBuildByDefault, CancellationToken cancellationToken) in /tmp/KuduLite/Kudu.Core/Deployment/DeploymentManager.cs:line 840" /><!-- duration: 1ms -->
          <step title="Cleaning up temp files" date="2025-11-07T15:59:44.193" /><!-- duration: 2738ms -->
          <step title="Cleaning up temp files" date="2025-11-07T15:59:46.942" /><!-- duration: 528ms -->
          <step title="Error occurred" date="2025-11-07T15:59:47.494" type="error" text="sh: 1: nest: not found
/bin/bash -c &quot;oryx build /tmp/zipdeploy/extracted -o /home/site/wwwroot --platform nodejs --platform-version 20 -p virtualenv_name= --log-file /tmp/build-debug.log  -i /tmp/8de1e1683c54127 -p compress_node_modules=tar-gz | tee /tmp/oryx-build.log ; exit $PIPESTATUS &quot;" stackTrace="   at Kudu.Core.Infrastructure.Executable.ExecuteInternal(ITracer tracer, Func`2 onWriteOutput, Func`2 onWriteError, CancellationToken token, Encoding encoding, String arguments, Object[] args) in /tmp/KuduLite/Kudu.Core/Infrastructure/Executable.cs:line 239
   at Kudu.Core.Infrastructure.Executable.ExecuteWithProgressWriter(ILogger logger, ITracer tracer, CancellationToken token, String arguments, Object[] args) in /tmp/KuduLite/Kudu.Core/Infrastructure/Executable.cs:line 118
   at Kudu.Core.Deployment.Generator.ExternalCommandBuilder.RunCommand(DeploymentContext context, String command, Boolean ignoreManifest, CancellationToken token, String message) in /tmp/KuduLite/Kudu.Core/Deployment/Generator/ExternalCommandBuilder.cs:line 122
   at Kudu.Core.Deployment.Generator.OryxBuilder.RunBuildCommand(IOryxArguments args, DeploymentContext context, CancellationToken token) in /tmp/KuduLite/Kudu.Core/Deployment/Generator/OryxBuilder.cs:line 295
   at Kudu.Core.Deployment.Generator.OryxBuilder.Build(DeploymentContext context, CancellationToken token) in /tmp/KuduLite/Kudu.Core/Deployment/Generator/OryxBuilder.cs:line 136
   at Kudu.Core.Deployment.DeploymentManager.Build(ChangeSet changeSet, ITracer tracer, IDisposable deployStep, IRepository repository, DeploymentInfoBase deploymentInfo, DeploymentAnalytics deploymentAnalytics, Boolean fullBuildByDefault, CancellationToken cancellationToken) in /tmp/KuduLite/Kudu.Core/Deployment/DeploymentManager.cs:line 771
   at Kudu.Core.Deployment.DeploymentManager.Build(ChangeSet changeSet, ITracer tracer, IDisposable deployStep, IRepository repository, DeploymentInfoBase deploymentInfo, DeploymentAnalytics deploymentAnalytics, Boolean fullBuildByDefault, CancellationToken cancellationToken) in /tmp/KuduLite/Kudu.Core/Deployment/DeploymentManager.cs:line 840
   at Kudu.Core.Deployment.DeploymentManager.DeployAsync(IRepository repository, ChangeSet changeSet, String deployer, Boolean clean, DeploymentInfoBase deploymentInfo, Boolean needFileUpdate, Boolean fullBuildByDefault) in /tmp/KuduLite/Kudu.Core/Deployment/DeploymentManager.cs:line 266" /><!-- duration: 2ms -->
        </step><!-- duration: 69241ms -->
        <step title="Reloading status file with latest updates" date="2025-11-07T15:59:47.539" >
          <step title="WebHooksManager.PublishEventAsync: PostDeployment" date="2025-11-07T15:59:47.542" /><!-- duration: 51ms -->
        </step><!-- duration: 56ms -->
        <step title="Error occurred" date="2025-11-07T15:59:47.597" type="error" text="sh: 1: nest: not found
/bin/bash -c &quot;oryx build /tmp/zipdeploy/extracted -o /home/site/wwwroot --platform nodejs --platform-version 20 -p virtualenv_name= --log-file /tmp/build-debug.log  -i /tmp/8de1e1683c54127 -p compress_node_modules=tar-gz | tee /tmp/oryx-build.log ; exit $PIPESTATUS &quot;" stackTrace="   at Kudu.Core.Infrastructure.Executable.ExecuteInternal(ITracer tracer, Func`2 onWriteOutput, Func`2 onWriteError, CancellationToken token, Encoding encoding, String arguments, Object[] args) in /tmp/KuduLite/Kudu.Core/Infrastructure/Executable.cs:line 239
   at Kudu.Core.Infrastructure.Executable.ExecuteWithProgressWriter(ILogger logger, ITracer tracer, CancellationToken token, String arguments, Object[] args) in /tmp/KuduLite/Kudu.Core/Infrastructure/Executable.cs:line 118
   at Kudu.Core.Deployment.Generator.ExternalCommandBuilder.RunCommand(DeploymentContext context, String command, Boolean ignoreManifest, CancellationToken token, String message) in /tmp/KuduLite/Kudu.Core/Deployment/Generator/ExternalCommandBuilder.cs:line 122
   at Kudu.Core.Deployment.Generator.OryxBuilder.RunBuildCommand(IOryxArguments args, DeploymentContext context, CancellationToken token) in /tmp/KuduLite/Kudu.Core/Deployment/Generator/OryxBuilder.cs:line 295
   at Kudu.Core.Deployment.Generator.OryxBuilder.Build(DeploymentContext context, CancellationToken token) in /tmp/KuduLite/Kudu.Core/Deployment/Generator/OryxBuilder.cs:line 136
   at Kudu.Core.Deployment.DeploymentManager.Build(ChangeSet changeSet, ITracer tracer, IDisposable deployStep, IRepository repository, DeploymentInfoBase deploymentInfo, DeploymentAnalytics deploymentAnalytics, Boolean fullBuildByDefault, CancellationToken cancellationToken) in /tmp/KuduLite/Kudu.Core/Deployment/DeploymentManager.cs:line 771
   at Kudu.Core.Deployment.DeploymentManager.Build(ChangeSet changeSet, ITracer tracer, IDisposable deployStep, IRepository repository, DeploymentInfoBase deploymentInfo, DeploymentAnalytics deploymentAnalytics, Boolean fullBuildByDefault, CancellationToken cancellationToken) in /tmp/KuduLite/Kudu.Core/Deployment/DeploymentManager.cs:line 840
   at Kudu.Core.Deployment.DeploymentManager.DeployAsync(IRepository repository, ChangeSet changeSet, String deployer, Boolean clean, DeploymentInfoBase deploymentInfo, Boolean needFileUpdate, Boolean fullBuildByDefault) in /tmp/KuduLite/Kudu.Core/Deployment/DeploymentManager.cs:line 266" /><!-- duration: 4ms -->
        <step title="Marking deployment as failed and cleaning up the temp deployment" date="2025-11-07T15:59:47.648" /><!-- duration: 2ms -->
      </step><!-- duration: 71256ms -->
      <step title="Error occurred" date="2025-11-07T15:59:47.781" type="error" text="One or more errors occurred. (Deployment failed)" stackTrace="   at System.Threading.Tasks.Task.ThrowIfExceptional(Boolean includeTaskCanceledExceptions)
   at System.Threading.Tasks.Task.Wait(Int32 millisecondsTimeout, CancellationToken cancellationToken)
   at System.Threading.Tasks.Task.Wait()
   at Kudu.Core.Deployment.FetchDeploymentManager.&lt;&gt;c__DisplayClass22_1.&lt;PerformBackgroundDeployment&gt;b__3() in /tmp/KuduLite/Kudu.Core/Deployment/FetchDeploymentManager.cs:line 414
   at Kudu.Contracts.Infrastructure.LockExtensions.TryLockOperation(IOperationLock lockObj, Action operation, String operationName, TimeSpan timeout) in /tmp/KuduLite/Kudu.Contracts/Infrastructure/LockExtensions.cs:line 34
   at Kudu.Contracts.Infrastructure.LockExtensions.LockOperation(IOperationLock lockObj, Action operation, String operationName, TimeSpan timeout) in /tmp/KuduLite/Kudu.Contracts/Infrastructure/LockExtensions.cs:line 46
   at Kudu.Core.Deployment.FetchDeploymentManager.&lt;&gt;c__DisplayClass22_0.&lt;PerformBackgroundDeployment&gt;b__1() in /tmp/KuduLite/Kudu.Core/Deployment/FetchDeploymentManager.cs:line 393" innerText="Deployment failed" innerStackTrace="   at Kudu.Core.Deployment.DeploymentManager.DeployAsync(IRepository repository, ChangeSet changeSet, String deployer, Boolean clean, DeploymentInfoBase deploymentInfo, Boolean needFileUpdate, Boolean fullBuildByDefault) in /tmp/KuduLite/Kudu.Core/Deployment/DeploymentManager.cs:line 307
   at Kudu.Core.Deployment.FetchDeploymentManager.PerformDeployment(DeploymentInfoBase deploymentInfo, IDisposable tempDeployment, ChangeSet tempChangeSet, DeployStatusApiResult updateStatusObj) in /tmp/KuduLite/Kudu.Core/Deployment/FetchDeploymentManager.cs:line 230" /><!-- duration: 2ms -->
    </step><!-- duration: 71279ms -->
