<step title="Incoming Request" date="2025-11-07T18:17:47.397" instance="eff899" url="/api/publish?type=zip&amp;async=False" method="POST" type="request" pid="833,1,5" Accept="*/*" Host="portlink-backend.scm.azurewebsites.net" User-Agent="AZURECLI/2.79.0 (MSI)" Accept-Encoding="gzip, deflate" Authorization="Bea..." Cache-Control="no-cache" Content-Type="application/octet-stream" Cookie="ARRAffinity=eff89978f5cf6bb0100ab5f0395c7a27d61f638450e8da07309cd08333b23017; ARRAffinitySameSite=eff89978f5cf6bb0100ab5f0395c7a27d61f638450e8da07309cd08333b23017" Content-Length="373003" x-ms-client-request-id="e7496309-bc05-11f0-90ad-5ce9318c16a9" x-ms-artifact-checksum="8e542aea2e6a0b3ce0a656da6fe173f4733df47145e992d205dff041b764e078" X-ARR-LOG-ID="e7496309-bc05-11f0-90ad-5ce9318c16a9" CLIENT-IP="104.28.237.70:64707" X-SITE-DEPLOYMENT-ID="portlink-backend" WAS-DEFAULT-HOSTNAME="portlink-backend.scm.azurewebsites.net" X-Forwarded-Proto="https" X-AppService-Proto="https" X-Forwarded-TlsVersion="1.3" X-WAWS-Unencoded-URL="/api/publish?type=zip&amp;async=False" X-Client-IP="104.28.237.70" X-Client-Port="64707" >
  <step title="Cleanup Xml Logs" date="2025-11-07T18:17:47.400" >
    <step title="Cleanup Infos" date="2025-11-07T18:17:47.450" totalFiles="357" totalCleanup="197" /><!-- duration: 60ms -->
  </step><!-- duration: 120ms -->
  <step title="OneDeploy" date="2025-11-07T18:17:47.741" >
    <step title="None repository commit" date="2025-11-07T18:17:47.761" >
      <step title="Commit id: b862cd02-8cd7-4689-b383-d357a713b5d2" date="2025-11-07T18:17:47.771" Message="N/A" AuthorName="N/A" AuthorEmail="N/A" /><!-- duration: 2ms -->
    </step><!-- duration: 18ms -->
    <step title="Starting PushDeployAsync" date="2025-11-07T18:17:47.782" /><!-- duration: 8ms -->
    <step title="WEBSITE_RUN_FROM_PACKAGE is set to 1. Writing zip to SitePackagesPath" date="2025-11-07T18:17:47.809" /><!-- duration: 2ms -->
    <step title="Copying zip to SitePackages /home/data/SitePackages/20251107181747.zip from request body" date="2025-11-07T18:17:47.832" /><!-- duration: 20ms -->
    <step title="Writing multipart request body to /home/data/SitePackages/20251107181747.zip" date="2025-11-07T18:17:47.869" /><!-- duration: 10ms -->
    <step title="Attempting to fetch target branch HEAD" date="2025-11-07T18:17:48.091" /><!-- duration: 2ms -->
    <step title="Acquiring Deployment Lock" date="2025-11-07T18:17:48.102" /><!-- duration: 2ms -->
    <step title="Acquired Deployment Lock" date="2025-11-07T18:17:48.222" /><!-- duration: 4ms -->
    <step title="Performing fetch based deployment" date="2025-11-07T18:17:48.244" >
      <step title="Creating temporary deployment" date="2025-11-07T18:17:48.252" /><!-- duration: 92ms -->
      <step title="Releasing Deployment Lock" date="2025-11-07T18:17:49.581" /><!-- duration: 3ms -->
      <step title="None repository commit" date="2025-11-07T18:17:49.724" >
        <step title="Commit id: b862cd02-8cd7-4689-b383-d357a713b5d2" date="2025-11-07T18:17:49.734" Message="OneDeploy" AuthorName="N/A" AuthorEmail="N/A" /><!-- duration: 3ms -->
      </step><!-- duration: 15ms -->
      <step title="Deployment timer started" date="2025-11-07T18:17:51.744" >
        <step title="DeploymentManager.Deploy(id:b862cd02-8cd7-4689-b383-d357a713b5d2)" date="2025-11-07T18:17:51.752" >
          <step title="Collecting changeset information" date="2025-11-07T18:17:51.784" /><!-- duration: 117ms -->
          <step title="Updating submodules" date="2025-11-07T18:17:51.905" /><!-- duration: 1130ms -->
          <step title="Determining deployment builder" date="2025-11-07T18:17:53.286" >
            <step title="Builder is RunFromZipSiteBuilder" date="2025-11-07T18:17:53.305" /><!-- duration: 2ms -->
          </step><!-- duration: 29ms -->
          <step title="PreDeployment: context.CleanOutputPath False" date="2025-11-07T18:17:53.371" >
            <step title="PreDeployment: context.OutputPath /home/site/wwwroot" date="2025-11-07T18:17:53.531" >
              <step title="Building" date="2025-11-07T18:17:53.841" >
                <step title="Modified file to trigger a restart of the app container." date="2025-11-07T18:17:54.404" /><!-- duration: 2ms -->
                <step title="Skip function trigger and logicapp sync because function is not enabled." date="2025-11-07T18:17:54.425" /><!-- duration: 19ms -->
                <step title="Purge deployment items" date="2025-11-07T18:17:55.710" >
                  <step title="Remove b98a8aee-, Failed, received at 11/07/2025 16:57:51" date="2025-11-07T18:17:55.790" /><!-- duration: 2ms -->
                </step><!-- duration: 84ms -->
              </step><!-- duration: 2039ms -->
            </step><!-- duration: 2353ms -->
            <step title="Cleaning up temp files" date="2025-11-07T18:17:55.891" /><!-- duration: 9ms -->
            <step title="Cleaning up temp files" date="2025-11-07T18:17:55.920" /><!-- duration: 573ms -->
            <step title="Reloading status file with latest updates" date="2025-11-07T18:17:56.567" >
              <step title="WebHooksManager.PublishEventAsync: PostDeployment" date="2025-11-07T18:17:56.596" /><!-- duration: 273ms -->
            </step><!-- duration: 311ms -->
            <step title="Cleaning up temporary deployment - fetch deployment was successful" date="2025-11-07T18:17:56.888" /><!-- duration: 8ms -->
          </step><!-- duration: 3616ms -->
        </step><!-- duration: 5266ms -->
        <step title="Outgoing response" date="2025-11-07T18:17:57.068" type="response" statusCode="200" statusText="OK" /><!-- duration: 11ms -->
      </step><!-- duration: 5355ms -->
