<step title="Incoming Request" date="2025-11-07T19:31:22.351" instance="eff899" url="/api/zipdeploy?isAsync=true" method="POST" type="request" pid="830,1,26" Accept="*/*" Host="portlink-backend.scm.azurewebsites.net" User-Agent="AZURECLI/2.79.0 (MSI)" Accept-Encoding="gzip, deflate" Authorization="Bea..." Cache-Control="no-cache" Content-Type="application/octet-stream" Content-Length="28938915" x-ms-client-request-id="51f34bac-bc10-11f0-b99b-5ce9318c16a9" x-ms-artifact-checksum="dbd0a91062c6053a7ae95d23e6a47b69f9b45250eb8a1fa1f30b6c9a1796b864" X-ARR-LOG-ID="51f34bac-bc10-11f0-b99b-5ce9318c16a9" CLIENT-IP="104.28.205.71:30499" X-SITE-DEPLOYMENT-ID="portlink-backend" WAS-DEFAULT-HOSTNAME="portlink-backend.scm.azurewebsites.net" X-Forwarded-Proto="https" X-AppService-Proto="https" X-Forwarded-TlsVersion="1.3" X-WAWS-Unencoded-URL="/api/zipdeploy?isAsync=true" X-Client-IP="104.28.205.71" X-Client-Port="30499" >
  <step title="Cleanup Xml Logs" date="2025-11-07T19:31:22.581" >
    <step title="Cleanup Infos" date="2025-11-07T19:31:22.752" totalFiles="362" totalCleanup="202" /><!-- duration: 142ms -->
  </step><!-- duration: 455ms -->
  <step title="ZipPushDeploy" date="2025-11-07T19:31:23.448" >
    <step title="ZipDeploy. Run from package. Ignore remote build." date="2025-11-07T19:31:23.488" /><!-- duration: 29ms -->
    <step title="None repository commit" date="2025-11-07T19:31:23.734" >
      <step title="Commit id: e281db1d-c9ec-47eb-96bb-e624605018ed" date="2025-11-07T19:31:23.740" Message="N/A" AuthorName="N/A" AuthorEmail="N/A" /><!-- duration: 2ms -->
    </step><!-- duration: 11ms -->
    <step title="Starting PushDeployAsync" date="2025-11-07T19:31:23.750" /><!-- duration: 2ms -->
    <step title="WEBSITE_RUN_FROM_PACKAGE is set to 1. Writing zip to SitePackagesPath" date="2025-11-07T19:31:23.891" /><!-- duration: 8ms -->
    <step title="Copying zip to SitePackages /home/data/SitePackages/20251107193123.zip from request body" date="2025-11-07T19:31:23.914" /><!-- duration: 7ms -->
    <step title="Writing multipart request body to /home/data/SitePackages/20251107193123.zip" date="2025-11-07T19:31:23.932" /><!-- duration: 8ms -->
