﻿<?xml version="1.0" encoding="utf-8"?>
<deployment>
  <id>65a53604-0ccd-42f7-92e9-ca2baaa90cfe</id>
  <author>N/A</author>
  <deployer>OneDeploy</deployer>
  <authorEmail>N/A</authorEmail>
  <message>OneDeploy</message>
  <progress></progress>
  <status>Success</status>
  <statusText></statusText>
  <lastSuccessEndTime>2025-11-07T19:34:48.495883Z</lastSuccessEndTime>
  <receivedTime>2025-11-07T19:34:45.7281145Z</receivedTime>
  <startTime>2025-11-07T19:34:47.1167209Z</startTime>
  <endTime>2025-11-07T19:34:48.495883Z</endTime>
  <complete>True</complete>
  <is_temp>False</is_temp>
  <is_readonly>True</is_readonly>
  <buildSummary />
</deployment>